A,0.93718743,0.738556,0.7990363,0.74787605,0.82386506,1.0,0.0,0.0,0.0,0.0,0.9327232,0.24689445,0.21053404,0.24620825,-0.9460745
A,0.9620435,0.14084633,0.18942857,0.21039389,0.28047293,1.0,0.0,0.0,0.0,0.0,0.5150718,0.11547097,0.041263416,-0.02863087,-0.998738
A,0.9599329,0.10878536,0.09163525,0.0687986,0.1159988,1.0,0.0,0.0,0.0,0.0,0.537094,0.12062113,0.11229295,-0.043176617,-0.99273664
A,0.9715153,0.118288144,0.09932318,0.059683,0.08866554,1.0,0.0,0.0,0.0,0.0,0.5161067,0.12438593,0.21409294,-0.016817754,-0.9766685
A,0.9545133,0.12614974,0.110341586,0.06569926,0.067040555,1.0,0.0,0.0,0.0,0.0,0.5561872,0.12762254,0.16771911,-0.015168617,-0.98571813
A,0.9607654,0.1288107,0.10727521,0.06818075,0.057061642,1.0,0.0,0.0,0.0,0.0,0.5782155,0.13300793,0.15078151,-0.011812398,-0.98849654
A,0.9393247,0.123883046,0.10320265,0.06298734,0.059220146,1.0,0.0,0.0,0.0,0.0,0.53055483,0.12953487,0.18361355,0.0030752649,-0.9829936
A,0.9467207,0.115979366,0.09867918,0.06422588,0.06931608,1.0,0.0,0.0,0.0,0.0,0.5370532,0.12815788,0.18305054,-0.011192678,-0.9830398
A,0.94790167,0.1185844,0.09977496,0.057676796,0.061280243,1.0,0.0,0.0,0.0,0.0,0.55679995,0.13617471,0.17436782,-0.0067626294,-0.9846574
A,0.95164305,0.12665747,0.10312746,0.06260237,0.052513488,1.0,0.0,0.0,0.0,0.0,0.58373016,0.13652857,0.1634433,-0.021677379,-0.98631454
A,0.9589879,0.12687035,0.10511359,0.0655184,0.052792095,1.0,0.0,0.0,0.0,0.0,0.5791612,0.1388193,0.14604679,-0.04193786,-0.98838836
A,0.9626963,0.124955244,0.10090828,0.06612349,0.050594132,1.0,0.0,0.0,0.0,0.0,0.58021754,0.14369684,0.12364455,-0.03686971,-0.99164134
A,0.9697194,0.13360891,0.101871684,0.06621588,0.046933662,1.0,0.0,0.0,0.0,0.0,0.60602957,0.15221772,0.112505324,-0.029184781,-0.9932225
A,0.96832865,0.13507874,0.10347197,0.069135554,0.044689465,1.0,0.0,0.0,0.0,0.0,0.61221325,0.15007928,0.11861415,-0.06814303,-0.99059945
A,0.97427005,0.12908909,0.101431064,0.06444921,0.04100008,1.0,0.0,0.0,0.0,0.0,0.63681793,0.14815557,0.12515345,-0.06740526,-0.989845
A,0.97314423,0.12873884,0.10654795,0.068534195,0.043954715,1.0,0.0,0.0,0.0,0.0,0.63382035,0.14887352,0.11651821,-0.063651934,-0.99114674
A,0.9749506,0.12680398,0.10630066,0.07090128,0.04493205,1.0,0.0,0.0,0.0,0.0,0.6370597,0.14872111,0.10607681,-0.045841716,-0.9933007
A,0.97629946,0.123590715,0.10437319,0.07115189,0.04556681,1.0,0.0,0.0,0.0,0.0,0.6400438,0.14726608,0.0853454,-0.03985839,-0.9955538
A,0.97680163,0.12208554,0.10087858,0.07076511,0.048065107,1.0,0.0,0.0,0.0,0.0,0.63962996,0.14805849,0.08045938,-0.027536461,-0.99637747
A,0.97923154,0.11960552,0.09730397,0.06547828,0.043514628,1.0,0.0,0.0,0.0,0.0,0.6420217,0.14903699,0.06902105,-0.029138293,-0.9971896
A,0.9781282,0.12561277,0.10243813,0.070883155,0.046448827,1.0,0.0,0.0,0.0,0.0,0.6495057,0.14531504,0.071059614,-0.03658366,-0.99680096
A,0.9784848,0.12251816,0.1001016,0.069997765,0.04649043,1.0,0.0,0.0,0.0,0.0,0.65555406,0.14132406,0.06050682,-0.029691996,-0.9977261
A,0.9796724,0.1233513,0.101116955,0.07234888,0.046463832,1.0,0.0,0.0,0.0,0.0,0.64830923,0.14281413,0.060661603,-0.033398584,-0.9975994
A,0.97941357,0.11894761,0.098202474,0.07173386,0.045786116,1.0,0.0,0.0,0.0,0.0,0.6486397,0.14022535,0.05139553,-0.02174641,-0.9984416
A,0.9798471,0.11784081,0.09631399,0.0702232,0.049898457,1.0,0.0,0.0,0.0,0.0,0.65730834,0.13818271,0.0688991,-0.0094784135,-0.9975786
A,0.9793585,0.121134266,0.09763522,0.07257578,0.0505536,1.0,0.0,0.0,0.0,0.0,0.6550184,0.14217065,0.06499442,-0.00334998,-0.99788
A,0.9812958,0.1225613,0.09861434,0.071434036,0.04896609,1.0,0.0,0.0,0.0,0.0,0.6672192,0.1423821,0.08796165,0.0028009217,-0.99612
A,0.9817002,0.12313372,0.09743898,0.073917426,0.051111147,1.0,0.0,0.0,0.0,0.0,0.6670143,0.14330737,0.082444444,0.0052594566,-0.9965818
A,0.9803453,0.12789667,0.10383457,0.08038679,0.053905327,1.0,0.0,0.0,0.0,0.0,0.67341167,0.13862969,0.07246842,-0.010342077,-0.9973171
A,0.981325,0.1268012,0.104248166,0.078249045,0.052348603,1.0,0.0,0.0,0.0,0.0,0.6638536,0.14087796,0.077796414,-0.0049582776,-0.99695694
A,0.98010755,0.1254091,0.10290971,0.07764348,0.050993655,1.0,0.0,0.0,0.0,0.0,0.6651689,0.14459383,0.063871205,-0.0010039284,-0.99795765
A,0.9786642,0.12066921,0.10039021,0.07709932,0.054826915,1.0,0.0,0.0,0.0,0.0,0.6654023,0.14069387,0.048009824,0.005408068,-0.9988322
A,0.97898906,0.12016389,0.10095465,0.075029105,0.05356939,1.0,0.0,0.0,0.0,0.0,0.6671213,0.13858125,0.0471426,0.00403978,-0.99888
A,0.97890896,0.12203899,0.10326855,0.07874444,0.05397609,1.0,0.0,0.0,0.0,0.0,0.6662391,0.13685161,0.052413326,0.0029498404,-0.9986211
A,0.9783544,0.11704881,0.09727554,0.07417019,0.05378519,1.0,0.0,0.0,0.0,0.0,0.68086255,0.13956179,0.045405045,0.011451389,-0.998903
A,0.97853297,0.11668543,0.094202965,0.07118227,0.049965374,1.0,0.0,0.0,0.0,0.0,0.68317705,0.13935748,0.048665937,0.015784001,-0.9986904
A,0.9788024,0.11720609,0.09530324,0.07348104,0.054705124,1.0,0.0,0.0,0.0,0.0,0.67963016,0.13634153,0.052090608,0.011636684,-0.99857455
A,0.97851884,0.11172777,0.09152887,0.06903732,0.049866367,1.0,0.0,0.0,0.0,0.0,0.6875306,0.14201766,0.04898678,0.025194682,-0.9984817
A,0.9789678,0.1117537,0.093670726,0.072241366,0.046998832,1.0,0.0,0.0,0.0,0.0,0.6863466,0.14154665,0.049544424,0.018363973,-0.9986031
A,0.9782413,0.11125331,0.093492575,0.071040966,0.047036737,1.0,0.0,0.0,0.0,0.0,0.68506265,0.14535847,0.046770904,0.01887819,-0.99872726
A,0.97837585,0.111427486,0.093289405,0.071870014,0.045176152,1.0,0.0,0.0,0.0,0.0,0.68059874,0.14221217,0.047089048,0.016837128,-0.9987488
A,0.9780667,0.116450064,0.097502485,0.075819165,0.046617758,1.0,0.0,0.0,0.0,0.0,0.68319726,0.14066349,0.035239488,0.011102973,-0.9993172
A,0.9777474,0.1144762,0.09796532,0.0754222,0.04411239,1.0,0.0,0.0,0.0,0.0,0.68917054,0.14061926,0.036771957,0.012273159,-0.99924827
A,0.97814953,0.11537356,0.09812603,0.07642621,0.046846278,1.0,0.0,0.0,0.0,0.0,0.660311,0.14007188,0.04072928,0.014384608,-0.99906665
A,0.97812384,0.11298869,0.09576689,0.07460286,0.046461612,1.0,0.0,0.0,0.0,0.0,0.6610441,0.14126724,0.039870404,0.014299743,-0.9991026
A,0.9774624,0.11289569,0.09404769,0.07222087,0.044936232,1.0,0.0,0.0,0.0,0.0,0.6613477,0.14116555,0.046875253,0.012294154,-0.9988251
A,0.97627884,0.116206974,0.095407836,0.073268786,0.044105798,1.0,0.0,0.0,0.0,0.0,0.65976447,0.13908224,0.045265697,0.01086308,-0.9989159
A,0.9744822,0.11438986,0.09396928,0.07276724,0.04412269,1.0,0.0,0.0,0.0,0.0,0.65174484,0.13700499,0.038521193,0.0072493707,-0.9992315
A,0.96979403,0.11510191,0.09399985,0.07178505,0.042421475,1.0,0.0,0.0,0.0,0.0,0.6525136,0.13725092,0.04389805,0.008036223,-0.9990037
A,0.96929693,0.11646847,0.09718463,0.07432966,0.044016693,1.0,0.0,0.0,0.0,0.0,0.654077,0.1371801,0.047369763,0.004935397,-0.99886525
A,0.97011244,0.11466958,0.097062044,0.07542705,0.046024404,1.0,0.0,0.0,0.0,0.0,0.6548024,0.1355174,0.042249463,0.0045093605,-0.9990969
A,0.97121286,0.11179661,0.09348241,0.07132116,0.044760186,1.0,0.0,0.0,0.0,0.0,0.6506599,0.13914645,0.04824835,0.009949751,-0.99878585
A,0.9696269,0.11350604,0.094563216,0.073790856,0.04437217,1.0,0.0,0.0,0.0,0.0,0.6485374,0.13649742,0.048311204,0.010687434,-0.9987751
A,0.9689225,0.112647615,0.09313429,0.07456674,0.043609053,1.0,0.0,0.0,0.0,0.0,0.6430149,0.1355796,0.04726194,0.008037392,-0.9988502
A,0.96770376,0.11315774,0.09398473,0.074660756,0.044105798,1.0,0.0,0.0,0.0,0.0,0.65857637,0.13763776,0.036574725,0.00757104,-0.9993022
A,0.9668984,0.109811194,0.09301391,0.07503365,0.044603564,1.0,0.0,0.0,0.0,0.0,0.659723,0.13570204,0.03652703,0.007575006,-0.99930394
A,0.9708428,0.10663772,0.09187624,0.07411183,0.04757732,1.0,0.0,0.0,0.0,0.0,0.6545589,0.13409315,0.031340532,0.00974004,-0.99946135
A,0.9726698,0.107219264,0.09279414,0.0724543,0.047129165,1.0,0.0,0.0,0.0,0.0,0.6542253,0.13546582,0.039839093,0.012360547,-0.9991297
A,0.9731611,0.108956985,0.09436592,0.07344836,0.048283692,1.0,0.0,0.0,0.0,0.0,0.6626434,0.13649763,0.044875912,0.01623713,-0.9988606
A,0.9707281,0.10917497,0.09315719,0.0724649,0.048717324,1.0,0.0,0.0,0.0,0.0,0.6657901,0.13422905,0.050557543,0.012104094,-0.99864775
A,0.9715565,0.11003846,0.095482476,0.07579978,0.04882262,1.0,0.0,0.0,0.0,0.0,0.6697779,0.13222596,0.045623165,0.011026629,-0.99889785
A,0.97236216,0.10662629,0.09520219,0.07164389,0.05140449,1.0,0.0,0.0,0.0,0.0,0.6584794,0.13120376,0.044308208,0.010707683,-0.9989605
A,0.96883196,0.10414797,0.0903943,0.06669071,0.04930064,1.0,0.0,0.0,0.0,0.0,0.64442444,0.1313763,0.03897048,0.017206874,-0.99909216
A,0.9645255,0.10189617,0.08636868,0.06636335,0.048115782,1.0,0.0,0.0,0.0,0.0,0.6511673,0.13241522,0.053169228,0.018772302,-0.99840903
A,0.9669042,0.10596129,0.09028684,0.07008434,0.049406666,1.0,0.0,0.0,0.0,0.0,0.65474206,0.13243856,0.065647446,0.01900585,-0.9976619
A,0.96794987,0.10433288,0.09077821,0.067910485,0.054970633,1.0,0.0,0.0,0.0,0.0,0.64296,0.13270806,0.07405643,0.019105513,-0.997071
A,0.9691123,0.10640388,0.0910916,0.069485895,0.05468881,1.0,0.0,0.0,0.0,0.0,0.6419382,0.13215439,0.071008064,0.02133019,-0.99724764
A,0.9677058,0.10760613,0.091522984,0.069596805,0.053110056,1.0,0.0,0.0,0.0,0.0,0.64099765,0.13142407,0.06356029,0.015132113,-0.9978633
A,0.96671504,0.10571659,0.09101428,0.06743482,0.053433407,1.0,0.0,0.0,0.0,0.0,0.65095747,0.13390402,0.07149184,0.018678606,-0.99726623
A,0.97111595,0.10440994,0.09174251,0.06844925,0.056434594,1.0,0.0,0.0,0.0,0.0,0.65595114,0.13299686,0.07160597,0.01807466,-0.9972693
A,0.9727371,0.10734158,0.09471903,0.07052325,0.0587849,1.0,0.0,0.0,0.0,0.0,0.6520809,0.12986282,0.07207932,0.014768641,-0.99728954
A,0.9742618,0.11232263,0.0984455,0.07366556,0.057029925,1.0,0.0,0.0,0.0,0.0,0.64721614,0.12875707,0.07058678,0.012718645,-0.99742454
A,0.97234553,0.111930706,0.097223565,0.07322753,0.055982493,1.0,0.0,0.0,0.0,0.0,0.6566923,0.1303422,0.06671945,0.0106320195,-0.9977151
A,0.9738658,0.11070985,0.09561067,0.07203965,0.055737548,1.0,0.0,0.0,0.0,0.0,0.65010744,0.13199133,0.07143206,0.011519732,-0.99737895
A,0.97227913,0.111346744,0.096518606,0.07103651,0.053731352,1.0,0.0,0.0,0.0,0.0,0.647585,0.13165565,0.07265543,0.011584526,-0.99728984
A,0.97187334,0.108360946,0.09478592,0.06885723,0.05432942,1.0,0.0,0.0,0.0,0.0,0.65135795,0.13266338,0.077707976,0.0148432255,-0.99686563
A,0.97049147,0.10914675,0.09424199,0.06846596,0.056214068,1.0,0.0,0.0,0.0,0.0,0.64591074,0.1337215,0.080545716,0.018878153,-0.9965722
A,0.9689404,0.10994492,0.095488384,0.07082119,0.055160105,1.0,0.0,0.0,0.0,0.0,0.6463108,0.1319246,0.06934813,0.015210446,-0.9974765
A,0.96748585,0.107239984,0.09341109,0.06905028,0.054067638,1.0,0.0,0.0,0.0,0.0,0.6526346,0.13262631,0.066483565,0.01599812,-0.9976593
A,0.9666201,0.10720915,0.0931512,0.06942016,0.05411476,1.0,0.0,0.0,0.0,0.0,0.64600295,0.13205673,0.07222854,0.015659163,-0.99726516
A,0.96587294,0.10441042,0.0901371,0.067772985,0.053618867,1.0,0.0,0.0,0.0,0.0,0.64630044,0.13130522,0.0717934,0.017668458,-0.997263
A,0.96569765,0.10502983,0.08990764,0.0686068,0.05477497,1.0,0.0,0.0,0.0,0.0,0.64326864,0.13156524,0.06809907,0.018521398,-0.9975066
A,0.967528,0.10476325,0.09065242,0.068281,0.054653067,1.0,0.0,0.0,0.0,0.0,0.63311344,0.13120814,0.07029514,0.018894777,-0.9973473
A,0.9686448,0.10708433,0.09281282,0.070182264,0.055116847,1.0,0.0,0.0,0.0,0.0,0.63203865,0.13247284,0.06744579,0.017826421,-0.9975637
A,0.9685787,0.10591583,0.0922714,0.07009268,0.054736953,1.0,0.0,0.0,0.0,0.0,0.6386264,0.13233803,0.06342801,0.01794526,-0.9978251
A,0.97006327,0.10681865,0.0929471,0.06982186,0.05706175,1.0,0.0,0.0,0.0,0.0,0.6379901,0.1328369,0.06661469,0.017310437,-0.9976286
A,0.969144,0.1091582,0.09654122,0.07212745,0.057168055,1.0,0.0,0.0,0.0,0.0,0.6443146,0.1315194,0.06971068,0.0150023075,-0.99745446
A,0.9733028,0.10618067,0.09459419,0.070125505,0.05835394,1.0,0.0,0.0,0.0,0.0,0.6473797,0.13336404,0.07052432,0.018430201,-0.99733984
A,0.9702083,0.10824053,0.09619409,0.07049985,0.059720848,1.0,0.0,0.0,0.0,0.0,0.6398361,0.1320561,0.07011337,0.016808957,-0.9973974
A,0.9690683,0.10954737,0.09931077,0.0721467,0.061122674,1.0,0.0,0.0,0.0,0.0,0.6402953,0.13079807,0.06525276,0.008684441,-0.99783105
A,0.96916777,0.10407344,0.093789384,0.06958622,0.058181964,1.0,0.0,0.0,0.0,0.0,0.6425333,0.1333307,0.06773948,0.013444573,-0.9976124
A,0.9718331,0.101892665,0.09241659,0.06818432,0.0597062,1.0,0.0,0.0,0.0,0.0,0.6468289,0.1372455,0.071565025,0.01028617,-0.9973829
A,0.97237927,0.098172545,0.090176746,0.06705988,0.060741335,1.0,0.0,0.0,0.0,0.0,0.65246373,0.13539417,0.07049578,0.017884986,-0.9973517
A,0.97482157,0.10268043,0.09066828,0.06743455,0.056705683,1.0,0.0,0.0,0.0,0.0,0.6452095,0.1364004,0.07962829,0.015658984,-0.9967016
A,0.9741914,0.10144318,0.09129738,0.06700779,0.055846456,1.0,0.0,0.0,0.0,0.0,0.6486786,0.13592798,0.07553674,0.020011647,-0.9969421
A,0.9762366,0.10284029,0.0906019,0.06831442,0.055411298,1.0,0.0,0.0,0.0,0.0,0.64393884,0.13774452,0.072771505,0.018931972,-0.9971689
A,0.97534215,0.10439404,0.09319486,0.07081457,0.056746993,1.0,0.0,0.0,0.0,0.0,0.64770216,0.13654572,0.07309821,0.019336013,-0.99713737
A,0.9761452,0.10472162,0.09230445,0.069566004,0.056147613,1.0,0.0,0.0,0.0,0.0,0.6546861,0.13736178,0.07332414,0.01787644,-0.9971479
A,0.9751026,0.10553756,0.09505185,0.071915,0.055939533,1.0,0.0,0.0,0.0,0.0,0.6560161,0.13474686,0.06855228,0.017085481,-0.9975012
A,0.97317666,0.10702553,0.09384895,0.07181295,0.056010354,1.0,0.0,0.0,0.0,0.0,0.64471495,0.13349093,0.07356422,0.015285949,-0.9971733
B,0.819022,0.96865654,0.9863804,0.9840549,0.9461616,0.0,1.0,1.0,1.0,1.0,1.8109182,0.30616677,0.31265378,0.31137532,-0.8973812
B,0.5954137,0.96755147,0.9616633,0.9803671,0.96926266,0.0,1.0,1.0,1.0,1.0,1.0860975,0.14908639,0.094094254,0.031078098,-0.9950781
B,0.60381365,0.968268,0.97189766,0.9800517,0.965974,0.0,1.0,1.0,1.0,1.0,1.1238835,0.12495451,0.22259423,0.064048424,-0.972805
B,0.6887644,0.96290684,0.9695819,0.98231745,0.9742224,1.0,1.0,1.0,1.0,1.0,0.99063045,0.18420768,0.18101121,0.04497898,-0.9824519
B,0.65103996,0.9523153,0.96431077,0.97597146,0.97181576,1.0,1.0,1.0,1.0,1.0,0.9267741,0.18566626,0.16805409,0.024352798,-0.9854769
B,0.6772264,0.9476061,0.96095335,0.9741755,0.9796166,1.0,1.0,1.0,1.0,1.0,0.8920968,0.18411164,0.124282576,0.020093227,-0.9920434
B,0.66385645,0.94758976,0.96067876,0.9723538,0.97645074,1.0,1.0,1.0,1.0,1.0,0.8773596,0.17847775,0.12525502,0.010374974,-0.9920704
B,0.64616966,0.94688195,0.9594589,0.9728943,0.9790865,1.0,1.0,1.0,1.0,1.0,0.85864645,0.18008062,0.07998662,-0.0016589329,-0.9967945
B,0.6056931,0.9440649,0.9547915,0.96366256,0.98215824,0.0,1.0,1.0,1.0,1.0,0.85994977,0.18367809,0.085934006,-0.009829665,-0.99625236
B,0.45795718,0.94248956,0.96022576,0.9718596,0.99485445,0.0,1.0,1.0,1.0,1.0,0.8665497,0.1939747,0.1408531,-0.038546614,-0.98927987
B,0.49994746,0.9450767,0.9627848,0.9695078,0.98669493,0.0,1.0,1.0,1.0,1.0,0.8523752,0.1919758,0.101829045,-0.03940546,-0.9940211
B,0.5169053,0.9390371,0.95465446,0.9574369,0.965891,0.0,1.0,1.0,1.0,1.0,0.85825485,0.19210885,0.07172023,-0.059389398,-0.9956552
B,0.51614016,0.93836397,0.9526907,0.9524219,0.9673152,0.0,1.0,1.0,1.0,1.0,0.89687103,0.19188854,-0.015741784,-0.07012833,-0.99741375
B,0.4879324,0.9418584,0.950847,0.9441621,0.963037,0.0,1.0,1.0,1.0,1.0,0.94182277,0.19869877,-0.1435616,-0.114889495,-0.98294985
B,0.4805894,0.94223505,0.9577711,0.9579888,0.97445375,0.0,1.0,1.0,1.0,1.0,0.9299863,0.19563082,-0.07722332,-0.08627351,-0.9932741
B,0.51325756,0.9422609,0.95812714,0.9675388,0.985795,0.0,1.0,1.0,1.0,1.0,0.9232451,0.1794931,-0.032419246,-0.05453096,-0.99798566
B,0.529895,0.94119835,0.9548912,0.96120316,0.9750362,0.0,1.0,1.0,1.0,1.0,0.9503036,0.17331149,-0.07338479,-0.057500586,-0.99564475
B,0.5820671,0.94103616,0.9560685,0.96178997,0.9726766,0.0,1.0,1.0,1.0,1.0,0.95108664,0.16677295,0.012984008,-0.020378178,-0.99970806
B,0.5426375,0.94196284,0.95873296,0.96141195,0.97041327,0.0,1.0,1.0,1.0,1.0,0.9728757,0.16933729,0.06451587,-0.0064043757,-0.99789613
B,0.5350983,0.94405675,0.9592992,0.962356,0.97482926,0.0,1.0,1.0,1.0,1.0,0.98471814,0.16709247,0.06987863,-0.0016627116,-0.99755406
B,0.52023923,0.9435342,0.9582209,0.9610661,0.9732736,0.0,1.0,1.0,1.0,1.0,0.98923105,0.16827238,0.0749158,-0.0045360313,-0.9971796
B,0.53270996,0.9451516,0.9593019,0.9625775,0.97349316,0.0,1.0,1.0,1.0,1.0,0.9869356,0.1758286,0.07265179,-0.0034679119,-0.9973513
B,0.5498498,0.9448779,0.95838296,0.96372557,0.97308195,0.0,1.0,1.0,1.0,1.0,0.9847374,0.17429651,0.0922909,0.0035435543,-0.99572575
B,0.5129661,0.9445587,0.95725054,0.96044606,0.9785062,0.0,1.0,1.0,1.0,1.0,0.9821492,0.17657119,0.098443136,-0.0022030615,-0.99514025
B,0.53087324,0.94617456,0.95741916,0.9597258,0.97233593,0.0,1.0,1.0,1.0,1.0,0.99223167,0.1703672,0.09091004,-0.0023506791,-0.9958563
B,0.5472734,0.94615525,0.95836204,0.9620283,0.97356033,0.0,1.0,1.0,1.0,1.0,0.9850429,0.1765692,0.09781412,0.00023343132,-0.9952047
B,0.5489574,0.946059,0.9595239,0.96128553,0.9726635,0.0,1.0,1.0,1.0,1.0,0.98243904,0.17411335,0.08462688,0.00057847664,-0.9964126
B,0.5597102,0.9471264,0.9610793,0.963809,0.9713909,0.0,1.0,1.0,1.0,1.0,0.96898276,0.17422397,0.072992146,0.0056411047,-0.99731654
B,0.5821493,0.9466809,0.96010345,0.9649049,0.9743105,0.0,1.0,1.0,1.0,1.0,0.9691447,0.1757268,0.0903148,0.013323753,-0.9958241
B,0.5725574,0.9494899,0.96268636,0.967196,0.9754117,0.0,1.0,1.0,1.0,1.0,0.98844033,0.16893767,0.094890855,0.020332957,-0.99528
B,0.560805,0.9486377,0.9620736,0.9663172,0.9744429,0.0,1.0,1.0,1.0,1.0,0.99029315,0.17145072,0.09930076,0.016692594,-0.99491745
B,0.5821411,0.9499595,0.96408284,0.96738577,0.9730471,0.0,1.0,1.0,1.0,1.0,0.97881985,0.1753434,0.09943022,0.021065613,-0.99482155
B,0.57632685,0.9489577,0.9630796,0.9673433,0.97383505,0.0,1.0,1.0,1.0,1.0,0.9886267,0.17053887,0.09486907,0.023477146,-0.99521285
B,0.57914263,0.94849855,0.9621027,0.96560925,0.97357225,0.0,1.0,1.0,1.0,1.0,0.99103326,0.16478285,0.08977336,0.021403613,-0.9957321
B,0.56820583,0.9501153,0.9630376,0.9660985,0.9748424,0.0,1.0,1.0,1.0,1.0,1.0005947,0.16236044,0.1059507,0.025929177,-0.9940332
B,0.569954,0.95091057,0.9636892,0.9657662,0.973037,0.0,1.0,1.0,1.0,1.0,1.0000528,0.16417506,0.10332154,0.025998961,-0.9943082
B,0.5741593,0.9508432,0.96348363,0.96520036,0.97307986,0.0,1.0,1.0,1.0,1.0,0.9962613,0.16394196,0.10534108,0.02460879,-0.9941316
B,0.58174676,0.9525184,0.96427006,0.96641284,0.9745964,0.0,1.0,1.0,1.0,1.0,1.0001675,0.16361384,0.09506661,0.025874458,-0.99513453
B,0.58964235,0.95259947,0.96580297,0.9686348,0.9736922,0.0,1.0,1.0,1.0,1.0,0.9943466,0.16702294,0.10680752,0.02958826,-0.9938394
B,0.56978005,0.951582,0.96587485,0.9677647,0.96851563,0.0,1.0,1.0,1.0,1.0,0.99450153,0.17181472,0.13711041,0.0321339,-0.9900344
B,0.54931504,0.95097154,0.96576923,0.96733165,0.96863365,0.0,1.0,1.0,1.0,1.0,1.0049173,0.17069474,0.11926592,0.033306018,-0.9923035
B,0.59119624,0.955037,0.96781033,0.9701598,0.97340757,0.0,1.0,1.0,1.0,1.0,1.007662,0.17344628,0.13608241,0.038446758,-0.98995113
B,0.61132133,0.95515555,0.96649474,0.9712764,0.97525483,0.0,1.0,1.0,1.0,1.0,0.9944293,0.16868535,0.12146362,0.035842873,-0.9919485
B,0.5894492,0.9542222,0.96525943,0.9682029,0.9735626,0.0,1.0,1.0,1.0,1.0,0.9954126,0.16208304,0.12102424,0.031133883,-0.99216115
B,0.5559662,0.952295,0.96456105,0.9663198,0.96910113,0.0,1.0,1.0,1.0,1.0,1.0083714,0.15919916,0.12465382,0.02902918,-0.9917755
B,0.5640229,0.9518669,0.96398675,0.96729153,0.9711619,0.0,1.0,1.0,1.0,1.0,1.0131065,0.1601388,0.13265994,0.030231819,-0.9907005
B,0.54807365,0.9517364,0.963651,0.96585083,0.96743345,0.0,1.0,1.0,1.0,1.0,1.0132121,0.16244584,0.12417806,0.029156918,-0.9918315
B,0.56528604,0.9526812,0.96427983,0.96826154,0.9687364,0.0,1.0,1.0,1.0,1.0,1.0126771,0.16468632,0.1254133,0.032702528,-0.9915655
B,0.57185733,0.9523123,0.9642572,0.9675308,0.96932864,0.0,1.0,1.0,1.0,1.0,1.0055892,0.16240792,0.12189672,0.03052603,-0.99207324
B,0.56954753,0.95154345,0.9637331,0.9674257,0.96974415,0.0,1.0,1.0,1.0,1.0,1.0062205,0.16350164,0.118302956,0.030702688,-0.99250275
B,0.5764575,0.95084363,0.9634793,0.9672375,0.9706355,0.0,1.0,1.0,1.0,1.0,1.0076619,0.16257799,0.11188327,0.029134396,-0.9932942
B,0.56206334,0.95030016,0.9629264,0.966644,0.9701365,0.0,1.0,1.0,1.0,1.0,1.0143692,0.16241734,0.13439058,0.027623292,-0.9905433
B,0.5749778,0.94920367,0.96275914,0.9679293,0.9710867,0.0,1.0,1.0,1.0,1.0,1.0056727,0.16031581,0.11724759,0.02676069,-0.99274206
B,0.55729896,0.9497355,0.9619155,0.96655416,0.9720277,0.0,1.0,1.0,1.0,1.0,1.0091023,0.16088402,0.12597,0.024796076,-0.9917241
B,0.5656483,0.95122206,0.96349555,0.96791214,0.97309226,0.0,1.0,1.0,1.0,1.0,1.0085007,0.1566164,0.10887507,0.024671799,-0.9937492
B,0.5482495,0.9508708,0.9650193,0.96994936,0.97186726,0.0,1.0,1.0,1.0,1.0,1.0112584,0.15840572,0.11662545,0.025315242,-0.9928533
B,0.5518635,0.95042294,0.9636256,0.9679427,0.96729606,0.0,1.0,1.0,1.0,1.0,1.0121939,0.16436388,0.12256726,0.028968032,-0.99203736
B,0.5472427,0.9522818,0.9637683,0.9671949,0.9683639,0.0,1.0,1.0,1.0,1.0,1.0170742,0.16074342,0.116507515,0.02758685,-0.9928066
B,0.53773874,0.9526113,0.9646725,0.96870196,0.9695225,0.0,1.0,1.0,1.0,1.0,1.0111763,0.16357651,0.12957866,0.027832616,-0.9911784
B,0.54228497,0.95340025,0.96459025,0.96715504,0.96922016,0.0,1.0,1.0,1.0,1.0,1.0135057,0.158193,0.120440975,0.02694022,-0.9923548
B,0.5568519,0.952069,0.96376526,0.9659082,0.97007746,0.0,1.0,1.0,1.0,1.0,1.0135802,0.16080688,0.12249844,0.027440054,-0.9920893
B,0.56276935,0.9540642,0.9647947,0.9679627,0.9713151,0.0,1.0,1.0,1.0,1.0,1.0190156,0.159421,0.1165134,0.031006414,-0.992705
B,0.56815267,0.9533614,0.9657012,0.96801984,0.97235405,0.0,1.0,1.0,1.0,1.0,1.0115389,0.15879627,0.123013265,0.03339352,-0.991843
B,0.5581937,0.9533193,0.96622366,0.9679623,0.9702392,0.0,1.0,1.0,1.0,1.0,1.0125384,0.16123848,0.12976296,0.03425232,-0.99095327
B,0.54797256,0.9520773,0.9647602,0.96701753,0.96782404,0.0,1.0,1.0,1.0,1.0,1.0096487,0.16904344,0.13679989,0.029873475,-0.9901482
B,0.5528713,0.9521717,0.96410644,0.9665142,0.9699754,0.0,1.0,1.0,1.0,1.0,1.0145489,0.16541274,0.12927887,0.028785883,-0.9911904
B,0.57277125,0.95154846,0.96416384,0.9669372,0.97209024,0.0,1.0,1.0,1.0,1.0,1.0045657,0.16366717,0.11957251,0.029908968,-0.9923749
B,0.5713237,0.95366293,0.9661782,0.96928275,0.96953124,0.0,1.0,1.0,1.0,1.0,1.00817,0.16092141,0.12395276,0.033538513,-0.9917212
B,0.57337314,0.9548916,0.96662444,0.96846193,0.9731708,0.0,1.0,1.0,1.0,1.0,1.0131727,0.16180393,0.13008009,0.032828942,-0.9909599
B,0.5820269,0.95370954,0.9658265,0.9689268,0.9763459,0.0,1.0,1.0,1.0,1.0,1.0081702,0.15686642,0.10970496,0.029349158,-0.9935308
B,0.58498174,0.9550419,0.9676918,0.97079176,0.97646743,0.0,1.0,1.0,1.0,1.0,1.0067248,0.1578401,0.1188098,0.032517422,-0.99238443
B,0.602627,0.953271,0.9654891,0.9687755,0.9755676,0.0,1.0,1.0,1.0,1.0,0.99254537,0.1604278,0.119129956,0.030716415,-0.99240345
B,0.6006358,0.9556101,0.96805936,0.9703924,0.97357476,0.0,1.0,1.0,1.0,1.0,0.9974718,0.16281128,0.12463501,0.036447402,-0.991533
B,0.60636425,0.9537935,0.96836674,0.96957934,0.97324055,0.0,1.0,1.0,1.0,1.0,0.9925322,0.16687931,0.11426577,0.03681024,-0.992768
B,0.5840135,0.9534888,0.9678051,0.96862614,0.97247684,0.0,1.0,1.0,1.0,1.0,0.9965252,0.16369388,0.115638316,0.034496438,-0.9926921
B,0.5949904,0.95449513,0.96674395,0.96741414,0.9703029,0.0,1.0,1.0,1.0,1.0,0.9951637,0.16613674,0.1145327,0.030481678,-0.99295175
B,0.596794,0.95069873,0.9658356,0.9677258,0.9729019,0.0,1.0,1.0,1.0,1.0,0.9857746,0.17137378,0.10554142,0.031051412,-0.9939299
B,0.5867692,0.9521505,0.96609426,0.9699994,0.97354954,0.0,1.0,1.0,1.0,1.0,0.9939883,0.17097306,0.103396416,0.030860074,-0.99416137
B,0.6051224,0.95318514,0.9667259,0.96968466,0.97587806,0.0,1.0,1.0,1.0,1.0,0.99373657,0.16278164,0.10376879,0.03404498,-0.9940186
B,0.6039329,0.9540821,0.96667415,0.9694369,0.97531945,0.0,1.0,1.0,1.0,1.0,0.99619526,0.16538201,0.10433712,0.034091152,-0.9939575
B,0.5835267,0.95132375,0.9650596,0.9669006,0.9736568,0.0,1.0,1.0,1.0,1.0,1.0005544,0.16587533,0.096944325,0.030304816,-0.99482834
B,0.57916516,0.9504935,0.96674335,0.96808535,0.9734347,0.0,1.0,1.0,1.0,1.0,0.99235374,0.17385077,0.09808331,0.029244572,-0.9947484
B,0.58050954,0.9506251,0.964111,0.9682221,0.97507566,0.0,1.0,1.0,1.0,1.0,0.9925445,0.16905536,0.10348087,0.024833944,-0.99432135
B,0.60063136,0.95246035,0.9653972,0.9676862,0.97601885,0.0,1.0,1.0,1.0,1.0,0.99396056,0.1587175,0.10611777,0.03321506,-0.99379873
B,0.59174573,0.95159066,0.9653629,0.9677906,0.97585857,0.0,1.0,1.0,1.0,1.0,0.99447674,0.16136737,0.105698176,0.029869257,-0.99394953
B,0.58321226,0.9514742,0.9649152,0.96748316,0.97591764,0.0,1.0,1.0,1.0,1.0,0.9938014,0.1606799,0.110323936,0.03176131,-0.99338806
B,0.58938587,0.95179725,0.96459764,0.9687279,0.9763718,0.0,1.0,1.0,1.0,1.0,0.9875411,0.16881548,0.12445885,0.027182838,-0.99185234
B,0.6052705,0.95068914,0.9638454,0.96822685,0.97789055,0.0,1.0,1.0,1.0,1.0,0.9891171,0.1639559,0.10912778,0.027149608,-0.9936569
B,0.6015339,0.95248604,0.9658249,0.9675486,0.975973,0.0,1.0,1.0,1.0,1.0,0.9917866,0.1635075,0.091402315,0.027919764,-0.99542254
B,0.6176246,0.9511626,0.96554524,0.97040874,0.9763199,0.0,1.0,1.0,1.0,1.0,0.9817292,0.17148188,0.110815324,0.029228002,-0.9934111
B,0.6284326,0.95335984,0.96741635,0.9699216,0.9768463,0.0,1.0,1.0,1.0,1.0,0.9832472,0.16266395,0.10502408,0.031978272,-0.9939553
B,0.6144343,0.9527366,0.96706736,0.9698457,0.9760953,0.0,1.0,1.0,1.0,1.0,0.9871052,0.16294733,0.106657505,0.031218925,-0.99380565
B,0.5976039,0.95251954,0.96629953,0.9688306,0.9765714,0.0,1.0,1.0,1.0,1.0,0.99549323,0.16129535,0.10202407,0.03167659,-0.9942775
B,0.57876056,0.9521334,0.964236,0.96760386,0.975665,0.0,1.0,1.0,1.0,1.0,1.0074736,0.16724221,0.10831122,0.02803728,-0.9937216
B,0.5941471,0.9529975,0.9658885,0.96820325,0.9754031,0.0,1.0,1.0,1.0,1.0,0.9985279,0.16455221,0.11685313,0.029119482,-0.9927223
B,0.5949758,0.9524809,0.9655581,0.9683134,0.9758208,0.0,1.0,1.0,1.0,1.0,0.9953845,0.16192617,0.11411586,0.02916292,-0.99303937
B,0.603366,0.95299184,0.9673602,0.96926916,0.97833425,0.0,1.0,1.0,1.0,1.0,0.98584884,0.16205032,0.10984627,0.03263524,-0.9934127
B,0.60228634,0.9529809,0.96795976,0.9686404,0.9767107,0.0,1.0,1.0,1.0,1.0,0.9849167,0.1611507,0.11234284,0.03334293,-0.99310994
B,0.59686846,0.95113015,0.9667559,0.9681687,0.97716403,0.0,1.0,1.0,1.0,1.0,0.9837222,0.16631114,0.114002794,0.0314662,-0.99298203
B,0.58914983,0.9519506,0.966238,0.9686809,0.9781247,0.0,1.0,1.0,1.0,1.0,0.99104613,0.16194004,0.10231671,0.030476568,-0.9942849
C,0.8395995,0.89542973,0.9252077,0.92963284,0.97592974,0.0,0.0,0.0,0.0,0.0,0.45278168,0.15665731,0.716853,0.5558852,0.42084834
C,0.97186583,0.7105163,0.6508534,0.6624958,0.7479413,1.0,1.0,1.0,1.0,1.0,0.7901354,0.0889596,0.3361186,0.050577722,-0.9404606
C,0.9621703,0.73843986,0.6644489,0.6384528,0.7366255,1.0,1.0,1.0,0.0,1.0,0.713954,0.10153869,0.49516198,0.0867568,-0.8644581
C,0.945185,0.76350105,0.6788087,0.6611804,0.73978907,1.0,1.0,1.0,1.0,1.0,0.69937366,0.0935953,0.40124384,0.06709373,-0.9135107
C,0.93456435,0.76459587,0.6769455,0.6854548,0.761835,1.0,1.0,1.0,1.0,1.0,0.6861667,0.08840774,0.38321024,0.071218096,-0.92091143
C,0.93128663,0.775303,0.69192654,0.69627506,0.7626231,1.0,1.0,1.0,1.0,1.0,0.7202863,0.095828824,0.39744344,0.076197885,-0.91445756
C,0.94023806,0.77732444,0.68868047,0.6989296,0.7609119,1.0,1.0,1.0,1.0,1.0,0.72800887,0.09547762,0.3745063,0.06954807,-0.9246124
C,0.9362441,0.758203,0.67748433,0.69047236,0.7826158,1.0,1.0,1.0,1.0,1.0,0.7069275,0.09758461,0.32670447,0.06591156,-0.94282544
C,0.9395407,0.7811618,0.6848203,0.6881729,0.7619728,1.0,1.0,1.0,1.0,1.0,0.72823,0.090050474,0.34591895,0.064057186,-0.9360751
C,0.9353931,0.7639643,0.681786,0.6861255,0.75891143,1.0,1.0,1.0,1.0,1.0,0.710658,0.10399576,0.34160048,0.06210881,-0.9377909
C,0.9312731,0.7525116,0.66066235,0.67148846,0.75588906,1.0,1.0,1.0,1.0,1.0,0.7117962,0.090069234,0.30493534,0.060728177,-0.9504349
C,0.93298763,0.76273054,0.6620736,0.6740534,0.74117666,1.0,1.0,1.0,1.0,1.0,0.70918125,0.08446391,0.29593587,0.055126708,-0.9536158
C,0.93972373,0.7678758,0.67449856,0.6692487,0.7438669,1.0,1.0,1.0,1.0,1.0,0.7192578,0.087370776,0.25600243,0.04937689,-0.9654142
C,0.9337195,0.7760998,0.67997795,0.6811596,0.7388408,1.0,1.0,1.0,1.0,1.0,0.72872144,0.08726461,0.26489583,0.051909417,-0.9628789
C,0.9540095,0.76106125,0.6648036,0.66228247,0.7298714,1.0,1.0,1.0,1.0,1.0,0.74419373,0.08177411,0.29499185,0.064004846,-0.9533537
C,0.9492251,0.7377648,0.63750285,0.63896334,0.7053555,1.0,1.0,0.0,0.0,1.0,0.7384284,0.07534122,0.29216552,0.07020004,-0.9537878
C,0.951175,0.7267438,0.62549627,0.63012767,0.69162875,1.0,1.0,0.0,0.0,1.0,0.723728,0.06594848,0.32607996,0.08403732,-0.9415995
C,0.93719816,0.6921045,0.5985581,0.605997,0.6643954,1.0,1.0,0.0,0.0,1.0,0.7069259,0.06589784,0.33892608,0.09557548,-0.9359457
C,0.929421,0.7175647,0.5953625,0.60393375,0.655008,1.0,1.0,0.0,0.0,1.0,0.7303342,0.063174024,0.44692725,0.12639534,-0.88559604
C,0.9479524,0.7194584,0.5929424,0.5930389,0.6523142,1.0,1.0,0.0,0.0,1.0,0.738852,0.058801383,0.45046934,0.12868604,-0.8834688
C,0.95203954,0.6931508,0.56870013,0.5692363,0.639341,1.0,1.0,0.0,0.0,1.0,0.733685,0.055933174,0.4572596,0.13854697,-0.878475
C,0.95403546,0.68916696,0.56233764,0.5672447,0.64300615,1.0,1.0,0.0,0.0,1.0,0.7481374,0.052037623,0.46007726,0.1459015,-0.87580925
C,0.9456263,0.69773644,0.5686753,0.5731486,0.6401237,1.0,1.0,0.0,0.0,1.0,0.73911107,0.051686324,0.4708799,0.14892797,-0.86953586
C,0.94418657,0.7048966,0.5702155,0.57158464,0.6327368,1.0,1.0,0.0,0.0,1.0,0.7282372,0.05153012,0.49083543,0.14750473,-0.8586751
C,0.9354486,0.70506537,0.56922007,0.56222546,0.6200179,1.0,1.0,0.0,0.0,1.0,0.7193051,0.060469724,0.5231447,0.14485638,-0.8398429
C,0.9354436,0.70304453,0.55930585,0.5463896,0.6208756,1.0,1.0,0.0,0.0,1.0,0.71855545,0.06757923,0.57194006,0.15653615,-0.8052211
C,0.9311133,0.695797,0.5676095,0.5552347,0.63520944,1.0,1.0,0.0,0.0,1.0,0.72271574,0.06780868,0.54359525,0.15203379,-0.8254635
C,0.9233342,0.68061495,0.56291324,0.5658381,0.6373298,1.0,1.0,0.0,0.0,1.0,0.7071219,0.06738572,0.55489737,0.15197188,-0.8179202
C,0.9319548,0.6766025,0.56217676,0.5571341,0.6344378,1.0,1.0,0.0,0.0,1.0,0.714558,0.062879294,0.53982246,0.14941119,-0.8284129
C,0.937322,0.67942685,0.5657738,0.565979,0.6366015,1.0,1.0,0.0,0.0,1.0,0.71023864,0.06567607,0.53278995,0.14822324,-0.8331656
C,0.9320124,0.6802207,0.5654058,0.5609371,0.6306316,1.0,1.0,0.0,0.0,1.0,0.7154636,0.070465386,0.5530425,0.15360937,-0.81887007
C,0.9328221,0.6898352,0.5763229,0.56818414,0.6335638,1.0,1.0,0.0,0.0,1.0,0.7086873,0.07147842,0.55001736,0.15031005,-0.8215155
C,0.9351592,0.68803847,0.5728765,0.5663449,0.6333824,1.0,1.0,0.0,0.0,1.0,0.70696765,0.06885684,0.54778,0.14708672,-0.8235912
C,0.93736935,0.6817805,0.5700135,0.56433076,0.63457006,1.0,1.0,0.0,0.0,1.0,0.70460093,0.07016275,0.54638535,0.1467252,-0.82458156
C,0.93566334,0.68449795,0.56486905,0.5596657,0.6288419,1.0,1.0,0.0,0.0,1.0,0.70514923,0.070515,0.55074966,0.14943357,-0.8211848
C,0.9374942,0.69170076,0.57133,0.56454927,0.630035,1.0,1.0,0.0,0.0,1.0,0.70416355,0.0712868,0.55438155,0.14918153,-0.8187832
C,0.9380836,0.7053264,0.58355695,0.5743624,0.63967526,1.0,1.0,0.0,0.0,1.0,0.7122004,0.06984399,0.56002784,0.14953296,-0.81486726
C,0.9355795,0.6929712,0.577118,0.5748471,0.63739216,1.0,1.0,0.0,0.0,1.0,0.70264184,0.06565799,0.53795564,0.1422416,-0.8308857
C,0.9318361,0.6900762,0.5759396,0.57706195,0.6472073,1.0,1.0,0.0,0.0,1.0,0.7025919,0.06600345,0.52997863,0.14082572,-0.8362361
C,0.9309136,0.69527674,0.58026814,0.5822847,0.652334,1.0,1.0,0.0,0.0,1.0,0.6986358,0.06655694,0.5251171,0.14018942,-0.8394039
C,0.9327542,0.7027283,0.58558786,0.5866819,0.6451288,1.0,1.0,0.0,0.0,1.0,0.70666337,0.061208665,0.51147676,0.1386511,-0.8480374
C,0.9316291,0.7006125,0.58739567,0.5882911,0.6469046,1.0,1.0,0.0,0.0,1.0,0.6956075,0.06322566,0.5055386,0.13657846,-0.8519255
C,0.9297855,0.7019045,0.58635145,0.5854971,0.64683104,1.0,1.0,0.0,0.0,1.0,0.6956367,0.06550102,0.5215301,0.14017959,-0.8416389
C,0.9337162,0.70095193,0.58349806,0.5874419,0.64899194,1.0,1.0,0.0,0.0,1.0,0.7015773,0.063956104,0.5114709,0.14124821,-0.84761214
C,0.9369102,0.7088195,0.58540744,0.5901499,0.6525958,1.0,1.0,0.0,0.0,1.0,0.71256906,0.06323779,0.5104611,0.13822557,-0.8487185
C,0.93648374,0.7119031,0.59670025,0.59458715,0.65132487,1.0,1.0,0.0,0.0,1.0,0.70807433,0.063522935,0.5028021,0.13310313,-0.85409236
C,0.9342329,0.7008311,0.5884803,0.58751005,0.6525028,1.0,1.0,0.0,0.0,1.0,0.71487415,0.06301427,0.51039034,0.13479118,-0.84931326
C,0.9287958,0.6988256,0.592652,0.5893412,0.64957976,1.0,1.0,0.0,0.0,1.0,0.7084134,0.064587176,0.4929301,0.1312584,-0.8601111
C,0.9371904,0.694957,0.5813212,0.58420384,0.6459703,1.0,1.0,0.0,0.0,1.0,0.7057778,0.06020198,0.49711287,0.13298202,-0.8574348
C,0.93284804,0.6930016,0.5764518,0.57483023,0.6444418,1.0,1.0,0.0,0.0,1.0,0.7096005,0.06463133,0.5085224,0.1370021,-0.8500796
C,0.9354528,0.6935264,0.57968426,0.5807346,0.65135217,1.0,1.0,0.0,0.0,1.0,0.71119374,0.0634064,0.5077729,0.13584235,-0.8507136
C,0.9350926,0.70605004,0.592698,0.59103656,0.65081644,1.0,1.0,0.0,0.0,1.0,0.7155688,0.063203186,0.504062,0.13474768,-0.8530911
C,0.9283615,0.69894886,0.5874929,0.5898278,0.6518277,1.0,1.0,0.0,0.0,1.0,0.7137614,0.061054397,0.49488693,0.13616046,-0.8582233
C,0.9290656,0.6949124,0.5759208,0.57865477,0.65124387,1.0,1.0,0.0,0.0,1.0,0.7090973,0.06350471,0.5069307,0.1379819,-0.85087144
C,0.9341035,0.70002335,0.576136,0.57696444,0.64554375,1.0,1.0,0.0,0.0,1.0,0.70835036,0.06109731,0.50222147,0.13945922,-0.85341936
C,0.93267846,0.69619495,0.5802751,0.58109534,0.6376931,1.0,1.0,0.0,0.0,1.0,0.69992125,0.05584873,0.4939753,0.13778663,-0.85848886
C,0.93293625,0.6951931,0.57476497,0.5746551,0.64108366,1.0,1.0,0.0,0.0,1.0,0.7051663,0.059857916,0.49587977,0.13669974,-0.8575643
C,0.93476343,0.6937694,0.5703274,0.57196265,0.63821584,1.0,1.0,0.0,0.0,1.0,0.7042085,0.057824142,0.4981044,0.1367247,-0.85627
C,0.9371305,0.6858581,0.56486547,0.56441075,0.63793325,1.0,1.0,0.0,0.0,1.0,0.6978949,0.06205039,0.5120472,0.14055675,-0.84737927
C,0.93577385,0.688802,0.56948745,0.57114255,0.639575,1.0,1.0,0.0,0.0,1.0,0.69630104,0.06505863,0.52581435,0.14421502,-0.8382847
C,0.92930377,0.68041575,0.56538963,0.56750095,0.63794756,1.0,1.0,0.0,0.0,1.0,0.69352067,0.061785776,0.50353646,0.13993403,-0.8525664
C,0.9296785,0.67934775,0.5613865,0.5604816,0.63123834,1.0,1.0,0.0,0.0,1.0,0.6982315,0.060978975,0.51150805,0.14256318,-0.8473697
C,0.9295315,0.68888915,0.5660043,0.56336665,0.63247955,1.0,1.0,0.0,0.0,1.0,0.7002532,0.062305827,0.51507133,0.14257762,-0.84520596
C,0.92923856,0.6960944,0.56976163,0.5637265,0.6360911,1.0,1.0,0.0,0.0,1.0,0.704302,0.062272433,0.51527625,0.14445138,-0.8447628
C,0.9318321,0.69619745,0.5703478,0.5644146,0.6284102,1.0,1.0,0.0,0.0,1.0,0.7027435,0.062324528,0.5100906,0.14369506,-0.8480326
C,0.9293539,0.6936353,0.57195747,0.5686291,0.63011545,1.0,1.0,0.0,0.0,1.0,0.69960195,0.055364475,0.4788432,0.13684529,-0.8671693
C,0.9303099,0.6960131,0.58134425,0.58230835,0.6393408,1.0,1.0,0.0,0.0,1.0,0.69049615,0.049997576,0.45235053,0.12708005,-0.8827399
C,0.932368,0.69086754,0.57447743,0.57642895,0.63698167,1.0,1.0,0.0,0.0,1.0,0.6904515,0.058668382,0.47771934,0.13456127,-0.86814606
C,0.9308308,0.69852024,0.5777764,0.57861865,0.6386369,1.0,1.0,0.0,0.0,1.0,0.6961684,0.06304048,0.49877214,0.13701917,-0.8558341
C,0.92892545,0.6897632,0.571372,0.5767963,0.63564324,1.0,1.0,0.0,0.0,1.0,0.6892006,0.060861204,0.49357358,0.13371827,-0.85936284
C,0.9301359,0.6905042,0.5699179,0.5731622,0.6363183,1.0,1.0,0.0,0.0,1.0,0.69133544,0.059147373,0.49423155,0.13695069,-0.8584752
C,0.92665213,0.6849641,0.5665017,0.5689409,0.63222384,1.0,1.0,0.0,0.0,1.0,0.6852186,0.05821711,0.48515517,0.13576442,-0.86382437
C,0.9269039,0.6884385,0.5633662,0.5630123,0.6305755,1.0,1.0,0.0,0.0,1.0,0.68384624,0.061004475,0.4938918,0.1367549,-0.8587018
C,0.9248682,0.68667895,0.5638886,0.55929345,0.6278538,1.0,1.0,0.0,0.0,1.0,0.680018,0.055578865,0.4624375,0.1332103,-0.876588
C,0.9246258,0.7031025,0.5734904,0.5650777,0.627625,1.0,1.0,0.0,0.0,1.0,0.6956944,0.05813957,0.4641917,0.13433754,-0.87548816
C,0.926788,0.696719,0.58096075,0.5789558,0.62876815,1.0,1.0,0.0,0.0,1.0,0.68998754,0.052187055,0.43212107,0.12638725,-0.8929152
C,0.92978954,0.6881759,0.576685,0.58676034,0.6411698,1.0,1.0,0.0,0.0,1.0,0.69368243,0.051767476,0.4433667,0.12638128,-0.88738585
C,0.93021005,0.6913649,0.5752103,0.5825982,0.64016753,1.0,1.0,0.0,0.0,1.0,0.69334424,0.05374929,0.46564117,0.1282209,-0.8756356
C,0.93117815,0.6944416,0.5790306,0.58652914,0.64134073,1.0,1.0,0.0,0.0,1.0,0.69911164,0.059032585,0.47712138,0.13157903,-0.86893165
C,0.92926955,0.70443064,0.58704865,0.5879461,0.6474727,1.0,1.0,0.0,0.0,1.0,0.6954283,0.06276714,0.48681456,0.12892443,-0.8639387
C,0.9301029,0.70463544,0.5834937,0.5866263,0.6420136,1.0,1.0,0.0,0.0,1.0,0.68836135,0.05796457,0.4848695,0.12994224,-0.8648794
C,0.926319,0.70843816,0.5875902,0.5888894,0.64063144,1.0,1.0,0.0,0.0,1.0,0.6930417,0.05941654,0.48649836,0.13037974,-0.8638984
C,0.92527294,0.69292915,0.57972974,0.5815836,0.62652254,1.0,1.0,0.0,0.0,1.0,0.6732198,0.054980233,0.46368742,0.12479927,-0.8771653
C,0.93100166,0.7043635,0.5881604,0.5983592,0.6449104,1.0,1.0,0.0,0.0,1.0,0.6664492,0.055429354,0.46083024,0.12141782,-0.87914354
C,0.9330865,0.7069811,0.5812353,0.59440094,0.65445435,1.0,1.0,0.0,0.0,1.0,0.68568313,0.057857163,0.48175275,0.12972623,-0.8666519
C,0.934462,0.7120915,0.58354604,0.5968869,0.65694296,1.0,1.0,0.0,0.0,1.0,0.68259346,0.056766845,0.47539103,0.1245794,-0.8709096
C,0.9351435,0.72029024,0.59129244,0.6022729,0.65502,1.0,1.0,0.0,0.0,1.0,0.67952865,0.05711726,0.46478882,0.118885405,-0.87740386
C,0.9350671,0.7183124,0.59900016,0.6022451,0.6511,1.0,1.0,0.0,0.0,1.0,0.687287,0.061256934,0.4613098,0.11999725,-0.879087
C,0.939026,0.7168173,0.60243267,0.6067518,0.64989036,1.0,1.0,0.0,0.0,1.0,0.6874341,0.061196946,0.4464602,0.114145584,-0.88749313
C,0.93578553,0.7206404,0.6076911,0.60839295,0.65194464,1.0,1.0,0.0,0.0,1.0,0.6982977,0.059492197,0.44164824,0.114458494,-0.8898573
C,0.9354514,0.7222294,0.602447,0.602399,0.6512678,1.0,1.0,0.0,0.0,1.0,0.68898124,0.057315093,0.45061788,0.11512978,-0.8852619
C,0.9377614,0.72693884,0.6062491,0.6038835,0.6529676,1.0,1.0,0.0,0.0,1.0,0.691909,0.060408182,0.4728344,0.12061026,-0.87285787
C,0.9356344,0.72483766,0.5999441,0.60055274,0.6518666,1.0,1.0,0.0,0.0,1.0,0.6913904,0.058146235,0.4608656,0.119511366,-0.8793861
C,0.93449384,0.7312837,0.6084988,0.6095064,0.6574561,1.0,1.0,0.0,0.0,1.0,0.6932607,0.061222363,0.474418,0.11964315,-0.87213135
C,0.9357542,0.7221687,0.59510857,0.59572595,0.6494969,1.0,1.0,0.0,0.0,1.0,0.6855709,0.059346654,0.47203338,0.1192756,-0.8734746
C,0.9298373,0.7204916,0.59908944,0.60161996,0.6468846,1.0,1.0,0.0,0.0,1.0,0.67745894,0.059873555,0.481199,0.12081543,-0.868246
C,0.9261011,0.7104604,0.5928897,0.5966234,0.6474373,1.0,1.0,0.0,0.0,1.0,0.6740309,0.06256876,0.47607943,0.122439206,-0.8708369
C,0.9276015,0.706672,0.58917004,0.59263146,0.6491455,1.0,1.0,0.0,0.0,1.0,0.6808596,0.061697446,0.48714864,0.12546466,-0.8642597
C,0.92513514,0.70959526,0.5902765,0.5951958,0.64931464,1.0,1.0,0.0,0.0,1.0,0.68319327,0.059592232,0.46754944,0.123736754,-0.87526375
C,0.93203765,0.72228277,0.60252887,0.6049695,0.6528109,1.0,1.0,0.0,0.0,1.0,0.68512386,0.06661949,0.47921267,0.12243567,-0.86911714
D,0.75100017,0.9904394,0.290217,0.29093325,0.42323318,1.0,1.0,0.0,0.0,0.0,1.9506999,1.5847774,0.5748561,0.35359037,-0.7379121
D,0.786415,0.9668137,0.16982536,0.1614176,0.24068047,1.0,1.0,0.0,0.0,0.0,0.83612466,0.6790556,0.30446574,0.025116265,-0.9521921
D,0.8384491,0.99470747,0.16484848,0.15510404,0.2544924,1.0,1.0,0.0,0.0,0.0,0.9605914,0.86807543,0.324777,0.06265505,-0.943713
D,0.877136,0.9951717,0.16414768,0.15446673,0.26669967,1.0,1.0,0.0,0.0,0.0,0.9286585,0.8421899,0.3567595,0.0688039,-0.93165904
D,0.8538491,0.9942356,0.17172833,0.16439474,0.28352147,1.0,1.0,0.0,0.0,0.0,0.9389996,0.84515476,0.3218042,0.07644955,-0.94371474
D,0.8753279,0.9940713,0.17090108,0.16272332,0.2806353,1.0,1.0,0.0,0.0,0.0,0.9371996,0.857453,0.31124088,0.07611855,-0.9472777
D,0.86474663,0.99606025,0.17284347,0.15566619,0.27353424,1.0,1.0,0.0,0.0,0.0,0.9436693,0.8606,0.30268687,0.07539212,-0.9501035
D,0.86638194,0.99316823,0.17064722,0.15810552,0.2718088,1.0,1.0,0.0,0.0,0.0,0.9312643,0.8563636,0.28895935,0.07874841,-0.954097
D,0.8755332,0.9851212,0.16388902,0.1496613,0.25002754,1.0,1.0,0.0,0.0,0.0,0.91785896,0.8286311,0.26531264,0.067180716,-0.96181905
D,0.8692723,0.9806374,0.16840634,0.15777902,0.2589091,1.0,1.0,0.0,0.0,0.0,0.8909256,0.8106104,0.22188364,0.068282306,-0.9726793
D,0.8687196,0.9776881,0.17045245,0.15510201,0.27225152,1.0,1.0,0.0,0.0,0.0,0.8786073,0.7880113,0.19108218,0.058688506,-0.979818
D,0.8793961,0.975467,0.18548092,0.15715376,0.27717394,1.0,1.0,0.0,0.0,0.0,0.8450292,0.75318474,0.1419467,0.050273016,-0.98859686
D,0.87155837,0.9800305,0.15845919,0.15205362,0.27007172,1.0,1.0,0.0,0.0,0.0,0.81365824,0.7606902,0.15820871,0.04721682,-0.98627615
D,0.8675918,0.98384154,0.15256946,0.14447798,0.24816446,1.0,1.0,0.0,0.0,0.0,0.819374,0.7610902,0.16324867,0.04231251,-0.9856772
D,0.86205834,0.97854,0.15630841,0.1450943,0.24434344,1.0,1.0,0.0,0.0,0.0,0.84726006,0.7772686,0.1656657,0.039321348,-0.9853977
D,0.8813139,0.9794768,0.15471698,0.14612244,0.24805608,1.0,1.0,0.0,0.0,0.0,0.8389011,0.8026687,0.13076377,0.036322016,-0.990748
D,0.87327516,0.9802261,0.15558915,0.14481719,0.23524675,1.0,1.0,0.0,0.0,0.0,0.8833393,0.8228065,0.14145133,0.048365366,-0.9887631
D,0.867953,0.97834843,0.15823255,0.14055836,0.2247837,1.0,1.0,0.0,0.0,0.0,0.8967389,0.80561495,0.116099395,0.04954242,-0.99200124
D,0.8667965,0.97832197,0.1536394,0.13268559,0.20811386,1.0,1.0,0.0,0.0,0.0,0.91351277,0.82150775,0.12884927,0.058119852,-0.9899596
D,0.8600158,0.97610366,0.15229821,0.13160251,0.19439852,1.0,1.0,0.0,0.0,0.0,0.9334062,0.83127517,0.14115319,0.067925416,-0.98765475
D,0.85846967,0.9762463,0.15118712,0.12827682,0.19106773,1.0,1.0,0.0,0.0,0.0,0.9319788,0.8236691,0.14617597,0.06466868,-0.9871426
D,0.85313666,0.9776212,0.1432566,0.12303617,0.18835147,1.0,1.0,0.0,0.0,0.0,0.93100035,0.8280103,0.15123037,0.06723578,-0.9862093
D,0.8618814,0.9782418,0.14348197,0.12152885,0.19620173,1.0,1.0,0.0,0.0,0.0,0.93238264,0.8412921,0.1445769,0.06608232,-0.9872844
D,0.8613813,0.9763334,0.14410305,0.12503557,0.20127271,1.0,1.0,0.0,0.0,0.0,0.9117833,0.82802045,0.13150783,0.056876883,-0.98968214
D,0.8563674,0.9790857,0.14342391,0.1341301,0.23262459,1.0,1.0,0.0,0.0,0.0,0.9079162,0.8564418,0.12587892,0.05766513,-0.99036825
D,0.85915804,0.98010963,0.14332137,0.13173991,0.23257203,1.0,1.0,0.0,0.0,0.0,0.90313864,0.8531605,0.13187452,0.055366967,-0.9897189
D,0.85324514,0.98319703,0.15099163,0.13312507,0.23173076,1.0,1.0,0.0,0.0,0.0,0.9346702,0.86869645,0.17191322,0.06924441,-0.98267543
D,0.8597251,0.9861303,0.15213613,0.13349131,0.23225841,1.0,1.0,0.0,0.0,0.0,0.9482888,0.87253743,0.18242884,0.078809366,-0.9800555
D,0.8602778,0.98360616,0.1499747,0.13008599,0.22210957,1.0,1.0,0.0,0.0,0.0,0.9424818,0.8637774,0.17722629,0.07889792,-0.9810025
D,0.8620519,0.984717,0.1536717,0.13144238,0.21228555,1.0,1.0,0.0,0.0,0.0,0.9748558,0.87366164,0.20089836,0.08734131,-0.9757107
D,0.8594333,0.9837465,0.1527124,0.12904504,0.2047634,1.0,1.0,0.0,0.0,0.0,0.99558175,0.9004562,0.20852798,0.09588901,-0.97330433
D,0.8592306,0.98110425,0.15001245,0.13007882,0.19528808,1.0,1.0,0.0,0.0,0.0,1.0152695,0.9082241,0.21993092,0.1010648,-0.9702661
D,0.86272,0.9788223,0.15397704,0.13175377,0.19596155,1.0,1.0,0.0,0.0,0.0,1.0178564,0.90026915,0.20661916,0.10286767,-0.97299886
D,0.8673966,0.97696954,0.14786999,0.12033158,0.18191239,1.0,1.0,0.0,0.0,0.0,1.0277382,0.9153336,0.1974304,0.102397464,-0.97495437
D,0.87660044,0.98101205,0.15092856,0.12402798,0.18991973,1.0,1.0,0.0,0.0,0.0,1.0215336,0.8939264,0.20543034,0.10356437,-0.97317666
D,0.8736725,0.981,0.15699646,0.12973325,0.19221951,1.0,1.0,0.0,0.0,0.0,1.0100377,0.88881385,0.1944721,0.09860211,-0.9759397
D,0.8751815,0.97929823,0.15051953,0.12801713,0.18765792,1.0,1.0,0.0,0.0,0.0,1.0040587,0.88619655,0.18388194,0.09243006,-0.97859293
D,0.87310225,0.98073345,0.14664075,0.1269025,0.19389498,1.0,1.0,0.0,0.0,0.0,0.99865216,0.88065195,0.17961383,0.087637395,-0.9798258
D,0.8806364,0.9805425,0.15265356,0.1320812,0.20380804,1.0,1.0,0.0,0.0,0.0,0.96660495,0.8467328,0.16789049,0.076366834,-0.9828433
D,0.88316303,0.97885436,0.15748465,0.13609824,0.218044,1.0,1.0,0.0,0.0,0.0,0.95419437,0.852022,0.16376159,0.074387,-0.9836914
D,0.87331676,0.9794297,0.15206914,0.13202311,0.22163226,1.0,1.0,0.0,0.0,0.0,0.95044124,0.8623714,0.16395617,0.06972522,-0.9840004
D,0.8701715,0.98161817,0.15254551,0.13646767,0.23328769,1.0,1.0,0.0,0.0,0.0,0.9484134,0.8621911,0.17619441,0.06814061,-0.98199403
D,0.86698645,0.9792738,0.14634386,0.13479693,0.2438699,1.0,1.0,0.0,0.0,0.0,0.93490875,0.8553272,0.15905179,0.06716196,-0.98498315
D,0.8617609,0.9857505,0.1507109,0.14102653,0.24566695,1.0,1.0,0.0,0.0,0.0,0.9281022,0.8612479,0.17002442,0.064593315,-0.9833206
D,0.86094713,0.9848209,0.14958447,0.14196426,0.23851272,1.0,1.0,0.0,0.0,0.0,0.9286347,0.8524222,0.16721751,0.067607306,-0.9835993
D,0.86900747,0.98131007,0.15528937,0.14542952,0.25386786,1.0,1.0,0.0,0.0,0.0,0.9037457,0.83277583,0.1607548,0.06710351,-0.9847106
D,0.8621869,0.9823976,0.15169558,0.14300719,0.24320339,1.0,1.0,0.0,0.0,0.0,0.9128024,0.8467527,0.15514089,0.06622767,-0.9856699
D,0.8630595,0.98306954,0.1579161,0.14602195,0.24496844,1.0,1.0,0.0,0.0,0.0,0.89845675,0.840381,0.1594552,0.06268145,-0.9852132
D,0.85656077,0.98270446,0.15131256,0.13894658,0.24490955,1.0,1.0,0.0,0.0,0.0,0.9261178,0.8563129,0.15980023,0.05839178,-0.9854209
D,0.86253697,0.98228574,0.15250108,0.14013143,0.23300512,1.0,1.0,0.0,0.0,0.0,0.91156536,0.8417433,0.16687776,0.05953466,-0.9841786
D,0.86270726,0.9798827,0.15098448,0.13982178,0.23937137,1.0,1.0,0.0,0.0,0.0,0.908984,0.839458,0.15346795,0.05341471,-0.9867089
D,0.8633607,0.97953165,0.1558545,0.13988659,0.23666331,1.0,1.0,0.0,0.0,0.0,0.9168793,0.8366519,0.18364368,0.061811194,-0.9810476
D,0.86363184,0.9791366,0.1531671,0.14100485,0.23746648,1.0,1.0,0.0,0.0,0.0,0.9113286,0.83675545,0.17694767,0.059141535,-0.9824418
D,0.8661167,0.9840636,0.1563492,0.14081213,0.23712704,1.0,1.0,0.0,0.0,0.0,0.91015583,0.8460884,0.17787494,0.05843728,-0.98231643
D,0.86650467,0.98069334,0.14939883,0.13567328,0.23842582,1.0,1.0,0.0,0.0,0.0,0.89922667,0.8461182,0.17014426,0.05491079,-0.98388803
D,0.86796397,0.9815971,0.15040882,0.13583587,0.2266128,1.0,1.0,0.0,0.0,0.0,0.9030388,0.8483305,0.16070819,0.058061864,-0.9852927
D,0.86469305,0.98268837,0.15186268,0.13783163,0.2237757,1.0,1.0,0.0,0.0,0.0,0.9180033,0.8610934,0.15178062,0.05758656,-0.9867352
D,0.87728685,0.9796415,0.15719055,0.1407158,0.23008262,1.0,1.0,0.0,0.0,0.0,0.9218484,0.8454435,0.15188101,0.06510374,-0.9862523
D,0.87666935,0.9809975,0.15874828,0.1425277,0.22780775,1.0,1.0,0.0,0.0,0.0,0.919376,0.8407395,0.14516954,0.0634672,-0.9873691
D,0.8761217,0.97987646,0.1655645,0.14292508,0.22788705,1.0,1.0,0.0,0.0,0.0,0.9198799,0.8315888,0.150985,0.064771704,-0.9864118
D,0.8727669,0.9811571,0.15875891,0.13778505,0.22273937,1.0,1.0,0.0,0.0,0.0,0.9267761,0.8482461,0.15586846,0.06249262,-0.985799
D,0.87094784,0.98172265,0.15937738,0.13809888,0.22435799,1.0,1.0,0.0,0.0,0.0,0.93076265,0.8494438,0.16534956,0.0658196,-0.9840362
D,0.8773765,0.9804792,0.16032217,0.13899311,0.22051157,1.0,1.0,0.0,0.0,0.0,0.9199476,0.8452517,0.16478537,0.06604888,-0.9841155
D,0.8638403,0.9821857,0.15035458,0.1324131,0.21596183,1.0,1.0,0.0,0.0,0.0,0.92157656,0.8486293,0.16763362,0.064252704,-0.9837533
D,0.87046397,0.97947913,0.15207851,0.13346347,0.22189394,1.0,1.0,0.0,0.0,0.0,0.9355707,0.85031176,0.17578562,0.069331564,-0.981984
D,0.8683512,0.9800457,0.15706818,0.13741301,0.22346462,1.0,1.0,0.0,0.0,0.0,0.9363723,0.854851,0.16632684,0.06828082,-0.98370373
D,0.86271626,0.9814483,0.15111428,0.13400653,0.21717057,1.0,1.0,0.0,0.0,0.0,0.9368458,0.86215115,0.1694138,0.06888237,-0.98313487
D,0.8645778,0.98199576,0.1478416,0.13323677,0.22921936,1.0,1.0,0.0,0.0,0.0,0.9561967,0.8800017,0.17859477,0.07262342,-0.9812389
D,0.86156267,0.9835907,0.15264297,0.13452302,0.226952,1.0,1.0,0.0,0.0,0.0,0.96206594,0.8717895,0.17587377,0.069183856,-0.98197865
D,0.87903714,0.98077965,0.15676746,0.13838245,0.22350228,1.0,1.0,0.0,0.0,0.0,0.9310134,0.85181415,0.16880116,0.06701737,-0.9833691
D,0.8760132,0.9811376,0.15607403,0.13863051,0.22481628,1.0,1.0,0.0,0.0,0.0,0.93058157,0.8541445,0.16957897,0.06622997,-0.9832887
D,0.87089676,0.98157847,0.14974293,0.13197517,0.212991,1.0,1.0,0.0,0.0,0.0,0.9411107,0.8669461,0.16505463,0.066410646,-0.98404604
D,0.87098753,0.9817035,0.15392697,0.13592403,0.21680948,1.0,1.0,0.0,0.0,0.0,0.9379059,0.8603739,0.16701575,0.06469457,-0.9838294
D,0.8747269,0.9823791,0.15326677,0.13621712,0.2188971,1.0,1.0,0.0,0.0,0.0,0.9333416,0.8633926,0.16765063,0.06384506,-0.983777
D,0.87469167,0.98190343,0.1533526,0.13607192,0.22032349,1.0,1.0,0.0,0.0,0.0,0.9345116,0.8591778,0.16029644,0.0633206,-0.98503584
D,0.87892586,0.9824207,0.15606683,0.13833006,0.22258659,1.0,1.0,0.0,0.0,0.0,0.9325715,0.86090827,0.16557615,0.06527388,-0.9840345
D,0.8745017,0.9814842,0.15888448,0.14127107,0.22825788,1.0,1.0,0.0,0.0,0.0,0.93709517,0.86260355,0.15982433,0.06278549,-0.98514676
D,0.87138414,0.98173326,0.15576014,0.13942558,0.22308503,1.0,1.0,0.0,0.0,0.0,0.9351099,0.86902475,0.16111752,0.06454609,-0.9848223
D,0.8676477,0.98097456,0.15389644,0.13612528,0.21776009,1.0,1.0,0.0,0.0,0.0,0.9360921,0.8713346,0.16050264,0.06604807,-0.98482305
D,0.8647081,0.9811411,0.15137117,0.13468483,0.21714562,1.0,1.0,0.0,0.0,0.0,0.9347199,0.8674847,0.17130917,0.06822346,-0.98285234
D,0.86626804,0.98093677,0.15560806,0.13826497,0.22067796,1.0,1.0,0.0,0.0,0.0,0.941212,0.86615646,0.16603015,0.06601916,-0.98390824
D,0.86857617,0.9808669,0.15620425,0.13915004,0.22283684,1.0,1.0,0.0,0.0,0.0,0.938752,0.86654186,0.17013963,0.067392774,-0.98311275
D,0.86678076,0.9806864,0.15708123,0.13990054,0.22169985,1.0,1.0,0.0,0.0,0.0,0.93852764,0.86389935,0.16425951,0.066925585,-0.98414415
D,0.8663013,0.9820677,0.15754046,0.13918656,0.21914098,1.0,1.0,0.0,0.0,0.0,0.94048405,0.86392844,0.17158212,0.06811517,-0.9828122
D,0.86727476,0.98208463,0.15899345,0.14023896,0.22065781,1.0,1.0,0.0,0.0,0.0,0.9419585,0.8650534,0.168227,0.06558502,-0.9835641
D,0.867731,0.98152727,0.16015445,0.14156118,0.22451438,1.0,1.0,0.0,0.0,0.0,0.9383731,0.85947233,0.16922121,0.06678299,-0.9833129
D,0.8641634,0.9819593,0.15741079,0.14009736,0.22328614,1.0,1.0,0.0,0.0,0.0,0.93410265,0.8659496,0.16379797,0.062397234,-0.9845186
D,0.86440605,0.9813499,0.15664102,0.13976489,0.22151895,1.0,1.0,0.0,0.0,0.0,0.9346331,0.8604819,0.17174874,0.062998354,-0.9831244
D,0.8653536,0.9803271,0.15607493,0.13931116,0.21809083,1.0,1.0,0.0,0.0,0.0,0.93101275,0.856983,0.17284867,0.06401578,-0.98286587
D,0.87030303,0.9810239,0.15724646,0.13891481,0.21879324,1.0,1.0,0.0,0.0,0.0,0.9337708,0.8618106,0.17568628,0.06533106,-0.982276
D,0.86497164,0.979962,0.15727991,0.1371034,0.2181739,1.0,1.0,0.0,0.0,0.0,0.93697697,0.8577348,0.17411871,0.068537876,-0.9823366
D,0.8629653,0.9810417,0.15393803,0.13388968,0.21521704,1.0,1.0,0.0,0.0,0.0,0.94163114,0.86326844,0.17272207,0.06858754,-0.98257965
D,0.8669333,0.9811206,0.15414615,0.13449383,0.21681765,1.0,1.0,0.0,0.0,0.0,0.9386791,0.8638088,0.16882205,0.06591693,-0.98343986
D,0.8672419,0.9803613,0.15514378,0.13607216,0.21662663,1.0,1.0,0.0,0.0,0.0,0.9365329,0.86094993,0.17200401,0.064400785,-0.9829889
D,0.86818075,0.9805732,0.15332688,0.13408108,0.21119133,1.0,1.0,0.0,0.0,0.0,0.9397774,0.8653979,0.16864459,0.06581681,-0.98347706
D,0.86476046,0.9799048,0.15336977,0.13319577,0.2100542,1.0,1.0,0.0,0.0,0.0,0.9444321,0.8635411,0.17814603,0.06919231,-0.98156834
D,0.8566495,0.97971493,0.15415867,0.13467032,0.20937261,1.0,1.0,0.0,0.0,0.0,0.9434138,0.8542745,0.1756346,0.06972641,-0.981983
D,0.86365306,0.9799508,0.15523928,0.13554354,0.21134144,1.0,1.0,0.0,0.0,0.0,0.94364107,0.86111826,0.17802958,0.06926435,-0.9815844
D,0.86600226,0.9799529,0.1536143,0.13389443,0.20982687,1.0,1.0,0.0,0.0,0.0,0.94604355,0.86743027,0.18131243,0.070462696,-0.98089796
D,0.8700599,0.9796602,0.154687,0.13309199,0.2094169,1.0,1.0,0.0,0.0,0.0,0.9373841,0.8615845,0.17661014,0.069285624,-0.9818393
E,0.709391,0.1172521,0.09469128,0.06353538,0.07738121,1.0,0.0,0.0,0.0,0.0,0.37447506,0.19210441,0.07962697,-0.0156717,-0.99670154
E,0.70665956,0.13037367,0.12088879,0.107133,0.10038642,1.0,0.0,0.0,0.0,0.0,0.39441508,0.18412212,0.13468932,-0.020766787,-0.9906702
E,0.70037776,0.12357182,0.1113592,0.08925983,0.086870424,1.0,0.0,0.0,0.0,0.0,0.39304984,0.20075451,0.10922439,-0.013012087,-0.993932
E,0.68387663,0.12422328,0.11295342,0.09654631,0.08866933,1.0,0.0,0.0,0.0,0.0,0.3901924,0.2003972,0.11993626,-0.008045943,-0.992749
E,0.68729043,0.11975288,0.105226696,0.08320901,0.08025791,1.0,0.0,0.0,0.0,0.0,0.39987946,0.19000049,0.121772796,-0.007422786,-0.9925302
E,0.6624219,0.11836085,0.104848154,0.08466271,0.09496488,1.0,0.0,0.0,0.0,0.0,0.40387893,0.17135668,0.11766438,-0.0075104977,-0.993025
E,0.67123723,0.12270589,0.11321872,0.09554281,0.08915344,1.0,0.0,0.0,0.0,0.0,0.3842481,0.19502512,0.12430004,-0.020559838,-0.99203163
E,0.6592834,0.11912066,0.110669486,0.09606804,0.10132401,1.0,0.0,0.0,0.0,0.0,0.3754347,0.1828475,0.118210115,-0.013142081,-0.9929016
E,0.66184837,0.1272977,0.12439685,0.11484233,0.11449647,1.0,0.0,0.0,0.0,0.0,0.3732702,0.18902463,0.12716208,-0.022130245,-0.991635
E,0.67146564,0.12647672,0.12164515,0.108820334,0.11549379,1.0,0.0,0.0,0.0,0.0,0.36214,0.18892471,0.11983834,-0.018092046,-0.9926286
E,0.682667,0.12441704,0.118079595,0.10500904,0.10198657,1.0,0.0,0.0,0.0,0.0,0.36188537,0.18497922,0.12491303,-0.014584331,-0.99206054
E,0.65911126,0.12850788,0.1208119,0.10815306,0.112487204,1.0,0.0,0.0,0.0,0.0,0.3665225,0.17711061,0.123763196,-0.0156229185,-0.9921888
E,0.6575671,0.12621224,0.11754449,0.09881695,0.094454266,1.0,0.0,0.0,0.0,0.0,0.34885606,0.18057927,0.11037597,-0.019019613,-0.99370784
E,0.6688607,0.128177,0.12084068,0.10163423,0.09805403,1.0,0.0,0.0,0.0,0.0,0.35924715,0.19057748,0.12197936,-0.011897112,-0.9924613
E,0.6829323,0.12524065,0.11326731,0.089751214,0.08512883,1.0,0.0,0.0,0.0,0.0,0.35773608,0.18331546,0.114837356,-0.007446849,-0.9933564
E,0.69376725,0.120694265,0.1104006,0.08662943,0.08263496,1.0,0.0,0.0,0.0,0.0,0.3737564,0.18755232,0.12412835,-0.0035872108,-0.9922597
E,0.6875376,0.12602632,0.11457315,0.08866581,0.078025915,1.0,0.0,0.0,0.0,0.0,0.3629803,0.1883608,0.11826276,-0.0070381323,-0.99295735
E,0.6938749,0.1255367,0.10905145,0.08071771,0.0742967,1.0,0.0,0.0,0.0,0.0,0.35729745,0.17869028,0.11772177,-0.0055098576,-0.9930313
E,0.6886892,0.12979417,0.119607225,0.094090685,0.08526306,1.0,0.0,0.0,0.0,0.0,0.3711182,0.18807389,0.12525123,-0.008179982,-0.9920913
E,0.6876694,0.12924966,0.12398916,0.10026524,0.087383084,1.0,0.0,0.0,0.0,0.0,0.36542615,0.18455014,0.11425397,-0.017843977,-0.9932913
E,0.6879498,0.12427139,0.11417112,0.088873066,0.08091916,1.0,0.0,0.0,0.0,0.0,0.36864316,0.1833045,0.11962845,-0.0076821507,-0.992789
E,0.68058753,0.1274967,0.1172816,0.09333076,0.08725968,1.0,0.0,0.0,0.0,0.0,0.36515412,0.18873332,0.12288224,-0.005712967,-0.9924049
E,0.6750197,0.124157816,0.1139518,0.092738345,0.08891195,1.0,0.0,0.0,0.0,0.0,0.36961323,0.19487533,0.12206592,-0.005219495,-0.99250823
E,0.6694734,0.12005729,0.10616919,0.08351298,0.08367566,1.0,0.0,0.0,0.0,0.0,0.3628683,0.18244007,0.123575166,0.0016749816,-0.9923338
E,0.65823746,0.11533535,0.09693822,0.06934515,0.07968606,1.0,0.0,0.0,0.0,0.0,0.36416253,0.167204,0.13722102,0.00827949,-0.9905058
E,0.6597636,0.12376969,0.103214435,0.07626057,0.08526413,1.0,0.0,0.0,0.0,0.0,0.35284254,0.18100442,0.12513174,0.010418015,-0.99208546
E,0.6535771,0.12380272,0.10451325,0.07432031,0.08869396,1.0,0.0,0.0,0.0,0.0,0.3616844,0.16440529,0.1348528,0.012947768,-0.99078107
E,0.66094905,0.11734406,0.09909959,0.07220156,0.08554518,1.0,0.0,0.0,0.0,0.0,0.36017695,0.17678745,0.13343544,0.007941015,-0.9910257
E,0.650209,0.1250306,0.10734164,0.07992244,0.10040159,1.0,0.0,0.0,0.0,0.0,0.36083418,0.16827354,0.13609882,0.009290588,-0.9906517
E,0.6549321,0.12377615,0.10383143,0.07191644,0.09102188,1.0,0.0,0.0,0.0,0.0,0.36309657,0.1664067,0.13227831,0.013273946,-0.9911237
E,0.6428523,0.12620512,0.104319446,0.07432302,0.098282546,1.0,0.0,0.0,0.0,0.0,0.3649906,0.16191901,0.13400099,0.011169358,-0.9909182
E,0.6459731,0.12424352,0.10165375,0.07121101,0.08831509,1.0,0.0,0.0,0.0,0.0,0.36010355,0.16446762,0.12773514,0.009322568,-0.9917645
E,0.6322236,0.12666193,0.10448859,0.07495798,0.08749443,0.0,0.0,0.0,0.0,0.0,0.3630944,0.1619325,0.1304287,0.007984335,-0.9914255
E,0.63265026,0.12590322,0.10496915,0.07577492,0.08324996,0.0,0.0,0.0,0.0,0.0,0.36734638,0.16310616,0.12931015,0.0035159455,-0.9915979
E,0.63591933,0.13026004,0.10870584,0.07850762,0.08619245,0.0,0.0,0.0,0.0,0.0,0.37165788,0.16207756,0.13519453,0.0074719987,-0.9907909
E,0.6256185,0.124858744,0.103316694,0.075384766,0.087056346,0.0,0.0,0.0,0.0,0.0,0.3784631,0.15870354,0.12828867,0.009008893,-0.99169594
E,0.6253571,0.12794669,0.10755652,0.080572,0.09165015,0.0,0.0,0.0,0.0,0.0,0.38168764,0.15549706,0.13053143,0.005294612,-0.99143004
E,0.6411462,0.12785791,0.108335085,0.08053525,0.09134733,0.0,0.0,0.0,0.0,0.0,0.3816344,0.15670477,0.13645956,0.008709448,-0.9906074
E,0.64218295,0.1229059,0.104678564,0.07806765,0.088596374,0.0,0.0,0.0,0.0,0.0,0.37586704,0.1627412,0.13474476,0.007119139,-0.99085474
E,0.65174186,0.12502247,0.10705272,0.07807648,0.09150445,1.0,0.0,0.0,0.0,0.0,0.3818878,0.16130228,0.13632773,0.0075406963,-0.9906351
E,0.6571002,0.12811951,0.10700574,0.07662311,0.08407774,1.0,0.0,0.0,0.0,0.0,0.3607729,0.1587747,0.13206097,0.009391073,-0.9911971
E,0.6679701,0.13034724,0.107956715,0.07492675,0.08324298,1.0,0.0,0.0,0.0,0.0,0.3645616,0.1598011,0.14344479,0.010973753,-0.9895975
E,0.6762071,0.12829734,0.10698405,0.07673715,0.08713933,1.0,0.0,0.0,0.0,0.0,0.36807945,0.15648933,0.14096877,0.011551244,-0.98994666
E,0.67811143,0.12727669,0.106448166,0.07692566,0.08322839,1.0,0.0,0.0,0.0,0.0,0.36329597,0.15838796,0.13939837,0.010365353,-0.9901821
E,0.67626923,0.12584801,0.10636738,0.075284265,0.07879873,1.0,0.0,0.0,0.0,0.0,0.35566264,0.16541806,0.13340871,0.008871343,-0.99102134
E,0.6733258,0.12904355,0.103581704,0.068052545,0.07794402,1.0,0.0,0.0,0.0,0.0,0.35735306,0.16389373,0.13709615,0.010331416,-0.9905039
E,0.6771783,0.12619258,0.104258075,0.070718884,0.0751726,1.0,0.0,0.0,0.0,0.0,0.3491742,0.16849081,0.13395153,0.0068414574,-0.9909642
E,0.6850708,0.13033961,0.106232226,0.074321054,0.07532094,1.0,0.0,0.0,0.0,0.0,0.3590756,0.17645015,0.13822697,0.016424809,-0.99026436
E,0.68661916,0.12328938,0.09981519,0.067228064,0.074287504,1.0,0.0,0.0,0.0,0.0,0.36203828,0.17095399,0.15240984,0.005691917,-0.988301
E,0.7046274,0.12593527,0.09859959,0.063224025,0.0733921,1.0,0.0,0.0,0.0,0.0,0.35056892,0.16977404,0.15162471,0.0056544524,-0.988422
E,0.670183,0.1257735,0.09892354,0.062295295,0.082778454,1.0,0.0,0.0,0.0,0.0,0.3708438,0.16133103,0.14971624,0.0143486075,-0.98862493
E,0.66788334,0.12411995,0.0980454,0.0637217,0.0770873,1.0,0.0,0.0,0.0,0.0,0.36769137,0.1718898,0.14047289,0.024871767,-0.98977214
E,0.6772074,0.12419609,0.09652331,0.060627695,0.085557185,1.0,0.0,0.0,0.0,0.0,0.3678244,0.16394,0.15037596,0.028215671,-0.9882261
E,0.65365225,0.12343848,0.0990633,0.064537935,0.07981861,1.0,0.0,0.0,0.0,0.0,0.36740676,0.15802407,0.13805173,0.018317275,-0.99025565
E,0.64897627,0.1213917,0.097375944,0.066101134,0.078456156,1.0,0.0,0.0,0.0,0.0,0.35910958,0.15912068,0.13305151,0.02060882,-0.9908948
E,0.64542335,0.122827135,0.097147696,0.0644876,0.08035003,0.0,0.0,0.0,0.0,0.0,0.3541671,0.16408262,0.1383551,0.01790929,-0.9902208
E,0.66680765,0.124109365,0.100243926,0.06510139,0.076911785,1.0,0.0,0.0,0.0,0.0,0.34923396,0.16794696,0.14419796,0.014328369,-0.9894451
E,0.6630894,0.11958024,0.09353529,0.058145005,0.07405654,1.0,0.0,0.0,0.0,0.0,0.3540225,0.16839185,0.13442735,0.015192556,-0.990807
E,0.6703155,0.11993829,0.0905652,0.054589953,0.07545848,1.0,0.0,0.0,0.0,0.0,0.35715166,0.17189361,0.13805887,0.023670329,-0.9901411
E,0.6675377,0.12111178,0.09335669,0.057736773,0.07963098,1.0,0.0,0.0,0.0,0.0,0.3667077,0.16632262,0.1381686,0.022778293,-0.99014676
E,0.6606381,0.121303834,0.09505475,0.061028454,0.081177905,1.0,0.0,0.0,0.0,0.0,0.3623722,0.16296992,0.13731474,0.019222086,-0.99034095
E,0.6778041,0.12116246,0.093329854,0.05867942,0.07543319,1.0,0.0,0.0,0.0,0.0,0.34988776,0.17646785,0.13753991,0.018641394,-0.99032086
E,0.6874756,0.12179134,0.09265719,0.05802132,0.08505643,1.0,0.0,0.0,0.0,0.0,0.35832053,0.18264177,0.14489292,0.02786573,-0.9890549
E,0.6769345,0.124268346,0.09458304,0.062828876,0.091012195,1.0,0.0,0.0,0.0,0.0,0.3693759,0.17984371,0.13093163,0.019684829,-0.99119586
E,0.664284,0.1244003,0.09649593,0.061004553,0.08480825,1.0,0.0,0.0,0.0,0.0,0.35616457,0.16047758,0.13115653,0.0117513575,-0.991292
E,0.67146206,0.12726729,0.09814329,0.06188653,0.07451563,1.0,0.0,0.0,0.0,0.0,0.34674242,0.16194524,0.13521563,0.012750264,-0.9907342
E,0.6662655,0.1228039,0.09038672,0.05387492,0.08009553,1.0,0.0,0.0,0.0,0.0,0.3610788,0.16103846,0.13448335,0.009899968,-0.99086636
E,0.6756618,0.12239601,0.09035645,0.05584461,0.07668015,1.0,0.0,0.0,0.0,0.0,0.34924626,0.16593911,0.12638511,0.017119003,-0.9918335
E,0.6744808,0.12245649,0.089294106,0.055733953,0.07802576,1.0,0.0,0.0,0.0,0.0,0.3452968,0.16741611,0.12924826,0.02402941,-0.991321
E,0.67710656,0.12028186,0.08686487,0.05251764,0.075174876,1.0,0.0,0.0,0.0,0.0,0.34083182,0.16465393,0.12983254,0.02199626,-0.9912919
E,0.6833445,0.12039304,0.08833782,0.055824604,0.07797125,1.0,0.0,0.0,0.0,0.0,0.3458162,0.16737406,0.12904982,0.021339653,-0.9914085
E,0.67401904,0.12041456,0.08924935,0.057346325,0.07387455,1.0,0.0,0.0,0.0,0.0,0.34558663,0.16318718,0.12953292,0.022344362,-0.99132335
E,0.6746095,0.12273869,0.091551214,0.05803335,0.079537734,1.0,0.0,0.0,0.0,0.0,0.35059217,0.1617431,0.13042144,0.020719511,-0.9912421
E,0.6725217,0.11985653,0.08985085,0.055596117,0.07596545,1.0,0.0,0.0,0.0,0.0,0.35142624,0.1615618,0.12448273,0.020369422,-0.9920127
E,0.6701191,0.12205263,0.08892021,0.055067264,0.07810538,1.0,0.0,0.0,0.0,0.0,0.35411444,0.16288817,0.12640934,0.020430272,-0.9917677
E,0.6768528,0.1190072,0.0873027,0.05319099,0.069875374,1.0,0.0,0.0,0.0,0.0,0.34955212,0.16219367,0.1232295,0.023674782,-0.9920958
E,0.692242,0.11939145,0.08652753,0.051205643,0.07339965,1.0,0.0,0.0,0.0,0.0,0.35017076,0.16396427,0.12425431,0.031618543,-0.9917465
E,0.6855934,0.119540505,0.08703127,0.051634077,0.07051703,1.0,0.0,0.0,0.0,0.0,0.34547022,0.1651295,0.12933879,0.026341956,-0.99125046
E,0.67741394,0.12020376,0.0880032,0.05470157,0.07468892,1.0,0.0,0.0,0.0,0.0,0.35207233,0.16492477,0.12517656,0.02710201,-0.99176425
E,0.6810021,0.12097102,0.08776573,0.054531783,0.07451195,1.0,0.0,0.0,0.0,0.0,0.34629536,0.16881585,0.120780334,0.030362658,-0.9922148
E,0.6774555,0.11956761,0.08568041,0.052974623,0.07403358,1.0,0.0,0.0,0.0,0.0,0.3455054,0.16798684,0.12465748,0.02430724,-0.99190205
E,0.6806732,0.123453625,0.08965993,0.054228123,0.072979756,1.0,0.0,0.0,0.0,0.0,0.3492049,0.16500026,0.12521394,0.023979975,-0.99183995
E,0.685523,0.12512544,0.092764035,0.057350345,0.076644674,1.0,0.0,0.0,0.0,0.0,0.35195023,0.16328612,0.11672559,0.026930487,-0.992799
E,0.6810881,0.12123924,0.0882051,0.05243047,0.07794864,1.0,0.0,0.0,0.0,0.0,0.3536821,0.15906775,0.11960556,0.02379304,-0.99253637
E,0.6824471,0.11878503,0.08718269,0.050900083,0.07330238,1.0,0.0,0.0,0.0,0.0,0.3517667,0.16081394,0.1194299,0.028880164,-0.9924225
E,0.6742009,0.12326385,0.09158418,0.057447243,0.07785201,1.0,0.0,0.0,0.0,0.0,0.35436052,0.16581734,0.124184944,0.023637667,-0.9919775
E,0.6629563,0.11936597,0.08596297,0.051222105,0.075705774,1.0,0.0,0.0,0.0,0.0,0.35181406,0.15610905,0.12010602,0.023912126,-0.992473
E,0.67378813,0.11958918,0.08651198,0.05259106,0.074952535,1.0,0.0,0.0,0.0,0.0,0.35237724,0.16305736,0.12187571,0.029012404,-0.99212134
E,0.6831907,0.12255337,0.090922214,0.056398436,0.07371799,1.0,0.0,0.0,0.0,0.0,0.34900698,0.16306366,0.12875833,0.025778355,-0.99134094
E,0.66976494,0.12268177,0.08975244,0.055531442,0.07686277,1.0,0.0,0.0,0.0,0.0,0.3540633,0.16090225,0.123293735,0.025421558,-0.9920445
E,0.67124075,0.124157675,0.09251344,0.059812836,0.08120949,1.0,0.0,0.0,0.0,0.0,0.35252562,0.16120486,0.123343274,0.025218273,-0.9920436
E,0.67694885,0.12267531,0.09205298,0.05842893,0.079244494,1.0,0.0,0.0,0.0,0.0,0.349687,0.16358937,0.12219853,0.026759613,-0.9921448
E,0.6736101,0.12298231,0.09035766,0.055147998,0.075658575,1.0,0.0,0.0,0.0,0.0,0.3512577,0.1606294,0.12926549,0.024387246,-0.9913101
E,0.67171425,0.12338492,0.09349428,0.05916206,0.075883545,1.0,0.0,0.0,0.0,0.0,0.35181195,0.16443944,0.12888917,0.022646125,-0.9914004
E,0.66647655,0.12293135,0.09153884,0.056243002,0.07601568,1.0,0.0,0.0,0.0,0.0,0.35353217,0.16134922,0.12330419,0.022129327,-0.9921221
E,0.6659246,0.12178468,0.09071607,0.056295972,0.071735136,1.0,0.0,0.0,0.0,0.0,0.34926677,0.16566204,0.1237072,0.021213982,-0.992092
E,0.65943927,0.12277384,0.08821993,0.053806063,0.07792946,0.0,0.0,0.0,0.0,0.0,0.35158956,0.16162096,0.12630351,0.021362135,-0.9917616
E,0.67168444,0.12446752,0.095144674,0.06164665,0.07275192,1.0,0.0,0.0,0.0,0.0,0.34931317,0.1588635,0.13272354,0.022906397,-0.99088836
E,0.66590714,0.1188718,0.08572499,0.051896095,0.07742494,1.0,0.0,0.0,0.0,0.0,0.35107896,0.15951622,0.11859934,0.027326934,-0.9925661
E,0.67359096,0.12345493,0.09172315,0.05803722,0.076773144,1.0,0.0,0.0,0.0,0.0,0.34893498,0.16210054,0.13356422,0.025960853,-0.99070007
F,0.7729318,0.21493578,0.9679901,0.99091697,0.96574306,1.0,0.0,1.0,1.0,1.0,0.07573697,0.9404032,0.09482825,0.04256993,-0.9945831
F,0.7927737,0.25659266,0.96221936,0.9941938,0.9629524,1.0,0.0,1.0,1.0,1.0,0.11440002,0.8812277,0.17090823,0.056871682,-0.98364425
F,0.8008739,0.24567293,0.96568656,0.99218976,0.964721,1.0,0.0,1.0,1.0,1.0,0.08304018,0.8831218,0.16673072,0.04513194,-0.984969
F,0.798017,0.24033704,0.9630581,0.99030703,0.9663324,1.0,0.0,1.0,1.0,1.0,0.07199488,0.8565176,0.17015421,0.05227713,-0.9840298
F,0.80740416,0.23686457,0.9652104,0.9908375,0.9662705,1.0,0.0,1.0,1.0,1.0,0.07283037,0.8737482,0.15639578,0.05379956,-0.9862281
F,0.8122316,0.23303935,0.9617045,0.9841324,0.96202517,1.0,0.0,1.0,1.0,1.0,0.054807134,0.8894192,0.14801161,0.048803795,-0.98778075
F,0.8148406,0.23484752,0.96238214,0.98368305,0.9610812,1.0,0.0,1.0,1.0,1.0,0.038571738,0.9185249,0.14126459,0.059776917,-0.9881655
F,0.8173497,0.23085031,0.9615644,0.9843788,0.9608521,1.0,0.0,1.0,1.0,1.0,0.04723766,0.90899575,0.1308508,0.052574355,-0.99000704
F,0.8090527,0.22847879,0.96541977,0.9871876,0.9618122,1.0,0.0,1.0,1.0,1.0,0.048553325,0.9181524,0.1515221,0.055363145,-0.98690224
F,0.79831195,0.22834429,0.9658453,0.9861963,0.9589767,1.0,0.0,1.0,1.0,1.0,0.03999923,0.9242569,0.1534743,0.05539411,-0.98659873
F,0.8028269,0.23220792,0.9647011,0.9852223,0.96098983,1.0,0.0,1.0,1.0,1.0,0.04816986,0.91742086,0.15527777,0.05499547,-0.98633885
F,0.80182177,0.23791958,0.9671785,0.9915566,0.9636974,1.0,0.0,1.0,1.0,1.0,0.05729051,0.89237607,0.17016369,0.054571416,-0.9839036
F,0.807192,0.24034555,0.9669031,0.985014,0.9598643,1.0,0.0,1.0,1.0,1.0,0.047168124,0.88194484,0.15772769,0.0518252,-0.98612165
F,0.8189465,0.25066727,0.9653977,0.98525953,0.9608077,1.0,0.0,1.0,1.0,1.0,0.037030645,0.8876784,0.16615546,0.05586815,-0.98451567
F,0.8349031,0.25436762,0.9636104,0.9776623,0.95640594,1.0,0.0,1.0,1.0,1.0,0.037858818,0.88512605,0.15973261,0.048682656,-0.9859592
F,0.82523435,0.26912072,0.9629377,0.97699106,0.9576088,1.0,0.0,1.0,1.0,1.0,0.04904052,0.8565211,0.15970556,0.057561222,-0.985485
F,0.8340231,0.27390745,0.9660585,0.97834677,0.955964,1.0,0.0,1.0,1.0,1.0,0.054389812,0.8524968,0.14780255,0.053048544,-0.98759323
F,0.8215157,0.27029538,0.9647039,0.9805757,0.9607497,1.0,0.0,1.0,1.0,1.0,0.045683187,0.8591621,0.15148212,0.054644678,-0.9869483
F,0.820946,0.26353577,0.96448684,0.9799192,0.960731,1.0,0.0,1.0,1.0,1.0,0.0368858,0.8740291,0.15266272,0.058072243,-0.9865707
F,0.8203735,0.26287195,0.9647849,0.9787847,0.95978296,1.0,0.0,1.0,1.0,1.0,0.03220249,0.8812093,0.14768757,0.05788733,-0.98733854
F,0.81804055,0.2517067,0.96369684,0.98203176,0.9635702,1.0,0.0,1.0,1.0,1.0,0.046087027,0.87646836,0.16377202,0.06364375,-0.98444307
F,0.8161873,0.24858695,0.9625827,0.9797519,0.96172476,1.0,0.0,1.0,1.0,1.0,0.037673585,0.89263684,0.1521737,0.061042093,-0.98646694
F,0.81399804,0.24537806,0.96003276,0.97684544,0.9587785,1.0,0.0,1.0,1.0,1.0,0.044343278,0.8941161,0.14212218,0.053094354,-0.9884241
F,0.80896103,0.25377646,0.95875514,0.97565305,0.9588245,1.0,0.0,1.0,1.0,1.0,0.0511455,0.8831069,0.14521019,0.050695367,-0.9881011
F,0.81098884,0.24088752,0.9588446,0.97669584,0.95953,1.0,0.0,1.0,1.0,1.0,0.04030899,0.9014104,0.14458755,0.05266475,-0.98808944
F,0.8121606,0.2445491,0.9605705,0.97950953,0.96152693,1.0,0.0,1.0,1.0,1.0,0.041855223,0.90165526,0.15274571,0.05326742,-0.9868289
F,0.80842495,0.24626829,0.96130735,0.9804038,0.961874,1.0,0.0,1.0,1.0,1.0,0.042742655,0.8990198,0.16438134,0.058753856,-0.9846455
F,0.8093635,0.24599756,0.96228284,0.9805742,0.9613912,1.0,0.0,1.0,1.0,1.0,0.042678166,0.906275,0.1649146,0.062099285,-0.984351
F,0.8107747,0.23924169,0.9636517,0.97979075,0.9594822,1.0,0.0,1.0,1.0,1.0,0.042406656,0.90643966,0.14994468,0.057341356,-0.98703027
F,0.8134699,0.24369013,0.9621449,0.97919226,0.9594953,1.0,0.0,1.0,1.0,1.0,0.050460007,0.8901766,0.15308517,0.05551103,-0.98665273
F,0.81134456,0.24254261,0.9601025,0.9769515,0.9573464,1.0,0.0,1.0,1.0,1.0,0.04941629,0.8909437,0.14186221,0.05021096,-0.9886121
F,0.81095636,0.24618693,0.96261996,0.97840244,0.9609129,1.0,0.0,1.0,1.0,1.0,0.0414056,0.8977729,0.14238098,0.0524009,-0.9884239
F,0.80985117,0.23687845,0.9606771,0.9802738,0.9614603,1.0,0.0,1.0,1.0,1.0,0.047193334,0.8886058,0.13581544,0.048215132,-0.9895603
F,0.8131751,0.23609968,0.96035445,0.97974896,0.96200657,1.0,0.0,1.0,1.0,1.0,0.041076556,0.8906379,0.1339788,0.046839405,-0.98987657
F,0.8096186,0.23924968,0.96244824,0.97829527,0.95985574,1.0,0.0,1.0,1.0,1.0,0.035117377,0.8979807,0.1336852,0.0495256,-0.9897856
F,0.8067438,0.24821852,0.96228474,0.9802389,0.9608935,1.0,0.0,1.0,1.0,1.0,0.046999402,0.898148,0.14807865,0.04679862,-0.9878678
F,0.81100255,0.25972506,0.96255654,0.9807903,0.96311134,1.0,0.0,1.0,1.0,1.0,0.060132805,0.8753983,0.16204403,0.048536416,-0.98558915
F,0.8197435,0.26069736,0.96488416,0.98032624,0.9632044,1.0,0.0,1.0,1.0,1.0,0.055119872,0.8924434,0.16462186,0.042764723,-0.9854292
F,0.8243899,0.26955134,0.96355426,0.9821305,0.96541536,1.0,0.0,1.0,1.0,1.0,0.06346745,0.8861566,0.18380304,0.057544637,-0.9812773
F,0.82300705,0.2653451,0.96342576,0.9845007,0.96795934,1.0,0.0,1.0,1.0,1.0,0.06449751,0.8853968,0.19237556,0.06122148,-0.9794098
F,0.81661415,0.27754095,0.96362674,0.9837636,0.96753186,1.0,0.0,1.0,1.0,1.0,0.07775427,0.8790744,0.18502636,0.06325627,-0.98069566
F,0.82596594,0.29374847,0.96482444,0.98405415,0.9661789,1.0,0.0,1.0,1.0,1.0,0.08142432,0.84994864,0.17656483,0.055622455,-0.98271614
F,0.82230836,0.31048763,0.96429527,0.9839244,0.9669437,1.0,0.0,1.0,1.0,1.0,0.09482471,0.8370725,0.17618601,0.054394078,-0.9828528
F,0.82673556,0.3180406,0.9676908,0.98478514,0.9655519,1.0,0.0,1.0,1.0,1.0,0.09434157,0.832481,0.17377566,0.058436953,-0.9830499
F,0.82027745,0.30797562,0.9656381,0.98376393,0.96596366,1.0,0.0,1.0,1.0,1.0,0.10000933,0.85122085,0.17721476,0.0651985,-0.98201025
F,0.81391627,0.32652777,0.96594733,0.9853983,0.9656591,1.0,0.0,1.0,1.0,1.0,0.10464734,0.82611084,0.1732599,0.062905684,-0.9828651
F,0.82177466,0.3099155,0.96753097,0.9794821,0.96089727,1.0,0.0,1.0,1.0,1.0,0.09331673,0.8538872,0.15386932,0.06433409,-0.9859946
F,0.81707746,0.31271735,0.9694628,0.9805698,0.95915395,1.0,0.0,1.0,1.0,1.0,0.092630595,0.842072,0.14868829,0.056821674,-0.98725027
F,0.8117172,0.31444266,0.970797,0.98238975,0.9616644,1.0,0.0,1.0,1.0,1.0,0.0907258,0.84146047,0.1520068,0.0522007,-0.987
F,0.81822246,0.3107643,0.9648444,0.97691816,0.9575452,1.0,0.0,1.0,1.0,1.0,0.08489799,0.8419234,0.15315442,0.055397227,-0.98664826
F,0.8196336,0.30002156,0.96576214,0.97939485,0.961079,1.0,0.0,1.0,1.0,1.0,0.07364405,0.8571162,0.159001,0.056149896,-0.9856804
F,0.8165447,0.28868967,0.9638712,0.9807645,0.9636114,1.0,0.0,1.0,1.0,1.0,0.07465565,0.8657841,0.16773894,0.058569245,-0.9840901
F,0.81860006,0.292141,0.96355873,0.98657334,0.96730554,1.0,0.0,1.0,1.0,1.0,0.088920176,0.8501305,0.17914568,0.06271213,-0.9818218
F,0.8099836,0.28602508,0.96553963,0.9905449,0.96943367,1.0,0.0,1.0,1.0,1.0,0.10093834,0.83731294,0.18333311,0.0625136,-0.9810612
F,0.814617,0.27360952,0.96684945,0.9894793,0.967706,1.0,0.0,1.0,1.0,1.0,0.08502689,0.8457992,0.16241093,0.056547422,-0.9851016
F,0.80726904,0.2884352,0.96426326,0.9883114,0.9680874,1.0,0.0,1.0,1.0,1.0,0.08782488,0.8270338,0.16777965,0.0536123,-0.9843657
F,0.8141017,0.26900405,0.9648288,0.9882203,0.9663764,1.0,0.0,1.0,1.0,1.0,0.07867975,0.84195405,0.1752817,0.05765141,-0.982829
F,0.8294602,0.25223818,0.9693924,0.98954093,0.96362674,1.0,0.0,1.0,1.0,1.0,0.06911197,0.8601301,0.17616943,0.060335346,-0.982509
F,0.8261968,0.2581907,0.9665384,0.98909426,0.9624914,1.0,0.0,1.0,1.0,1.0,0.06752142,0.8581347,0.17794958,0.055598628,-0.9824677
F,0.8216726,0.26267028,0.971726,0.9883913,0.961733,1.0,0.0,1.0,1.0,1.0,0.08431246,0.85438365,0.17089634,0.0575377,-0.9836076
F,0.8255771,0.26793063,0.9731006,0.9903752,0.96110564,1.0,0.0,1.0,1.0,1.0,0.09487506,0.8374563,0.1756276,0.05544297,-0.9828942
F,0.82004696,0.26544058,0.9689958,0.989567,0.9599575,1.0,0.0,1.0,1.0,1.0,0.08959004,0.8317191,0.16700797,0.056659378,-0.9843262
F,0.8104213,0.26723865,0.9715344,0.98985815,0.9595952,1.0,0.0,1.0,1.0,1.0,0.0967178,0.8290038,0.17941332,0.05797618,-0.98206395
F,0.82099783,0.27848724,0.97235554,0.9914288,0.96012115,1.0,0.0,1.0,1.0,1.0,0.1023467,0.81674844,0.17414343,0.0560175,-0.9831256
F,0.8148735,0.29202005,0.9715091,0.9946315,0.95992136,1.0,0.0,1.0,1.0,1.0,0.12376174,0.7978133,0.18185654,0.054531462,-0.9818118
F,0.81150824,0.2947864,0.9704251,0.9964934,0.9621217,1.0,0.0,1.0,1.0,1.0,0.12452645,0.79721224,0.20218796,0.0573082,-0.97766846
F,0.8032275,0.2772356,0.97191226,0.9947418,0.95805156,1.0,0.0,1.0,1.0,1.0,0.12174633,0.8173576,0.19484186,0.056465685,-0.979208
F,0.8025984,0.27363434,0.9713208,0.9979527,0.9599297,1.0,0.0,1.0,1.0,1.0,0.11917529,0.81369406,0.19988158,0.05393149,-0.97833467
F,0.802393,0.27240047,0.96988803,0.9984811,0.9599764,1.0,0.0,1.0,1.0,1.0,0.12068709,0.81793535,0.20234255,0.05552975,-0.9777393
F,0.8080109,0.2675854,0.97128356,0.9972131,0.9602763,1.0,0.0,1.0,1.0,1.0,0.10830989,0.8240951,0.20743473,0.059687067,-0.9764263
F,0.8126644,0.2784811,0.974028,0.99418235,0.9596613,1.0,0.0,1.0,1.0,1.0,0.11174333,0.8199058,0.20691827,0.05596144,-0.9767564
F,0.8115094,0.26211724,0.9733914,0.99523723,0.95861006,1.0,0.0,1.0,1.0,1.0,0.09732245,0.8256798,0.19026795,0.055177096,-0.98018044
F,0.8112584,0.27384388,0.9738512,0.99479496,0.95902175,1.0,0.0,1.0,1.0,1.0,0.10677356,0.8237872,0.19530705,0.05531492,-0.979181
F,0.8116086,0.26209298,0.97568387,0.99262327,0.95707273,1.0,0.0,1.0,1.0,1.0,0.09939619,0.8271942,0.18586528,0.054051585,-0.9810874
F,0.81041765,0.26279303,0.97388035,0.99333197,0.9583843,1.0,0.0,1.0,1.0,1.0,0.10426801,0.819349,0.19254526,0.05436827,-0.9797808
F,0.8119416,0.26165178,0.97279924,0.9938287,0.9581973,1.0,0.0,1.0,1.0,1.0,0.10384279,0.82143855,0.18604784,0.052307375,-0.98114735
F,0.80924284,0.2623292,0.9722125,0.9956108,0.9602724,1.0,0.0,1.0,1.0,1.0,0.10307938,0.8237125,0.19466008,0.050978355,-0.9795451
F,0.80705917,0.2653088,0.97203135,0.99497676,0.95890516,1.0,0.0,1.0,1.0,1.0,0.11076756,0.81755865,0.18863717,0.05137752,-0.980702
F,0.80736417,0.2657244,0.9746385,0.99310577,0.95972663,1.0,0.0,1.0,1.0,1.0,0.1050636,0.8264342,0.19866292,0.053922165,-0.97858334
F,0.806945,0.2701635,0.97559035,0.99380136,0.9572527,1.0,0.0,1.0,1.0,1.0,0.11497145,0.8108474,0.18213211,0.052009445,-0.9818976
F,0.8105575,0.26599005,0.97616524,0.9929747,0.9571044,1.0,0.0,1.0,1.0,1.0,0.10563634,0.8209558,0.18227173,0.053499155,-0.9817916
F,0.80500776,0.2740825,0.9754321,0.9931233,0.956661,1.0,0.0,1.0,1.0,1.0,0.117133856,0.8097612,0.18535522,0.05351975,-0.981213
F,0.8064402,0.27279705,0.97412896,0.9944774,0.9585353,1.0,0.0,1.0,1.0,1.0,0.11597787,0.8097909,0.18649988,0.054238256,-0.98095673
F,0.80938625,0.2673394,0.97334397,0.9941019,0.95839125,1.0,0.0,1.0,1.0,1.0,0.110874504,0.8170297,0.18347141,0.05487775,-0.98149204
F,0.81037295,0.26407394,0.97444624,0.9956066,0.96070653,1.0,0.0,1.0,1.0,1.0,0.1031418,0.8316486,0.18402278,0.05763673,-0.9812307
F,0.81012577,0.26906288,0.9740536,0.9953333,0.96081513,1.0,0.0,1.0,1.0,1.0,0.11199852,0.8203544,0.17957847,0.056465734,-0.9821218
F,0.8193506,0.26448634,0.97436494,0.9936788,0.9603465,1.0,0.0,1.0,1.0,1.0,0.09867504,0.8223888,0.18262848,0.05623541,-0.98157245
F,0.81884295,0.2708324,0.9730878,0.9941399,0.96105397,1.0,0.0,1.0,1.0,1.0,0.099985525,0.8164697,0.18009873,0.054405842,-0.98214275
F,0.81898093,0.2646223,0.9741,0.99322236,0.96010524,1.0,0.0,1.0,1.0,1.0,0.09819729,0.824785,0.18067701,0.051845007,-0.9821751
F,0.81638706,0.25936326,0.97455716,0.9928961,0.95961964,1.0,0.0,1.0,1.0,1.0,0.09914136,0.8301854,0.18674406,0.053030763,-0.9809762
F,0.8120214,0.25594065,0.97560894,0.9919035,0.9594251,1.0,0.0,1.0,1.0,1.0,0.10222812,0.83182883,0.18869904,0.05312281,-0.9805971
F,0.8103859,0.25822288,0.975705,0.9923223,0.95962423,1.0,0.0,1.0,1.0,1.0,0.106445946,0.8278542,0.18853763,0.053694483,-0.980597
F,0.81147337,0.2576822,0.97546756,0.99254507,0.96014225,1.0,0.0,1.0,1.0,1.0,0.10584925,0.8309312,0.18993458,0.054306496,-0.98029363
F,0.80516917,0.25782663,0.97424823,0.9940266,0.96199566,1.0,0.0,1.0,1.0,1.0,0.110140495,0.8277835,0.19075055,0.052667137,-0.98022467
F,0.8034622,0.25540856,0.97424823,0.9942629,0.96191645,1.0,0.0,1.0,1.0,1.0,0.10459071,0.8325582,0.1917674,0.052650232,-0.9800272
F,0.8041457,0.2520141,0.9743852,0.9944895,0.9625265,1.0,0.0,1.0,1.0,1.0,0.104450695,0.8340895,0.19112827,0.053650644,-0.9800978
F,0.80602825,0.25217485,0.9732523,0.9952741,0.9627613,1.0,0.0,1.0,1.0,1.0,0.1015051,0.8348177,0.1901847,0.053853754,-0.98027015
F,0.8024886,0.2578459,0.972508,0.99519557,0.9628457,1.0,0.0,1.0,1.0,1.0,0.10444339,0.834514,0.19179405,0.055183582,-0.9798826
F,0.80296445,0.26484376,0.972927,0.99240303,0.9588046,1.0,0.0,1.0,1.0,1.0,0.11382401,0.82001346,0.18484914,0.05158643,-0.9814121
F,0.80356354,0.27106667,0.9715944,0.99550605,0.9609267,1.0,0.0,1.0,1.0,1.0,0.112386234,0.8220619,0.19259904,0.055605702,-0.9797007
I,0.9071465,0.101458505,0.12763946,0.10443267,0.929541,1.0,0.0,0.0,0.0,1.0,0.47248855,0.17689908,0.13278446,0.026361661,-0.99079436
I,0.81129533,0.10567299,0.13204288,0.124442875,0.9333318,1.0,0.0,0.0,0.0,1.0,0.40561897,0.14054279,0.17873992,0.024599794,-0.9835888
I,0.70084333,0.08387074,0.10954777,0.12169078,0.950927,1.0,0.0,0.0,0.0,1.0,0.35171515,0.1440559,0.19274305,0.02882045,-0.98082596
I,0.6294658,0.076823,0.1070664,0.11498607,0.961091,1.0,0.0,0.0,0.0,1.0,0.3457507,0.17805585,0.1896229,0.0067369523,-0.9818339
I,0.6713798,0.07218595,0.104318865,0.13061777,0.9607529,1.0,0.0,0.0,0.0,1.0,0.3598821,0.15689005,0.1861342,-0.01216354,-0.98244894
I,0.6601233,0.08234274,0.109711014,0.11775914,0.9580857,1.0,0.0,0.0,0.0,1.0,0.3686057,0.14283727,0.1873529,-0.017081862,-0.9821441
I,0.6993425,0.07450206,0.11343634,0.13724342,0.9565932,1.0,0.0,0.0,0.0,1.0,0.35498106,0.1533908,0.16202022,-0.04111588,-0.9859305
I,0.69555175,0.08202507,0.1213022,0.13762593,0.95027643,1.0,0.0,0.0,0.0,1.0,0.37332296,0.15367761,0.1595055,-0.03530737,-0.9865654
I,0.71482587,0.089030504,0.12626931,0.14588311,0.95159143,1.0,0.0,0.0,0.0,1.0,0.38409826,0.15026633,0.1636906,-0.021661099,-0.9862739
I,0.712385,0.084799744,0.1273793,0.15121761,0.9475222,1.0,0.0,0.0,0.0,1.0,0.38905433,0.14685754,0.16338289,-0.024885306,-0.9862488
I,0.7185627,0.08409503,0.122177124,0.13927431,0.94736564,1.0,0.0,0.0,0.0,1.0,0.4034024,0.15192947,0.15722229,-0.030101914,-0.98710436
I,0.71680886,0.08412387,0.12104581,0.13645822,0.95153993,1.0,0.0,0.0,0.0,1.0,0.3948212,0.16062143,0.15451893,-0.034658797,-0.98738176
I,0.714894,0.08483109,0.121887505,0.12583637,0.9490432,1.0,0.0,0.0,0.0,1.0,0.39855614,0.17065409,0.15027389,-0.036433686,-0.98797286
I,0.70198256,0.08570602,0.12352855,0.1389814,0.9442115,1.0,0.0,0.0,0.0,1.0,0.38732338,0.16132502,0.15543991,-0.027627049,-0.98745894
I,0.69350415,0.08425698,0.12017144,0.13715863,0.944129,1.0,0.0,0.0,0.0,1.0,0.37788758,0.15905294,0.16281787,-0.03292011,-0.98610675
I,0.70146596,0.08422463,0.117424056,0.13275221,0.9421331,1.0,0.0,0.0,0.0,1.0,0.37433523,0.16127084,0.16970386,-0.02608424,-0.98514986
I,0.69836444,0.08401478,0.12045529,0.12680672,0.9470438,1.0,0.0,0.0,0.0,1.0,0.4022693,0.17620435,0.15020981,-0.03633991,-0.987986
I,0.6968146,0.08256672,0.11887415,0.12830415,0.94571143,1.0,0.0,0.0,0.0,1.0,0.3815191,0.17382684,0.14916405,-0.039244138,-0.98803335
I,0.71105015,0.08605133,0.12496526,0.13333167,0.9472619,1.0,0.0,0.0,0.0,1.0,0.41185778,0.17491478,0.14922222,-0.030016638,-0.98834795
I,0.6948149,0.09029715,0.12618542,0.13523276,0.94792867,1.0,0.0,0.0,0.0,1.0,0.40278605,0.18271793,0.16094318,-0.029122878,-0.98653394
I,0.6571115,0.09378651,0.120280825,0.12879755,0.9460185,1.0,0.0,0.0,0.0,1.0,0.39654326,0.16182058,0.16633283,-0.025600335,-0.98573726
I,0.66221,0.09323757,0.12210491,0.13246591,0.9454858,1.0,0.0,0.0,0.0,1.0,0.3829731,0.16686566,0.16989301,-0.02420359,-0.98516524
I,0.65511256,0.09865286,0.122393735,0.12894036,0.9449744,1.0,0.0,0.0,0.0,1.0,0.38272658,0.17006333,0.17402746,-0.024081623,-0.9844463
I,0.66374815,0.09443,0.12090481,0.12721732,0.946942,1.0,0.0,0.0,0.0,1.0,0.38464743,0.1696362,0.16820133,-0.024760203,-0.9854416
I,0.6591334,0.09465359,0.1198346,0.12529157,0.94607717,1.0,0.0,0.0,0.0,1.0,0.39246893,0.16870008,0.16623217,-0.025765505,-0.98575
I,0.65342516,0.093879305,0.122930236,0.1261429,0.9461044,1.0,0.0,0.0,0.0,1.0,0.38570592,0.17266922,0.17268658,-0.027874582,-0.9845823
I,0.6486964,0.092285275,0.118033476,0.12205298,0.94577545,1.0,0.0,0.0,0.0,1.0,0.39103743,0.16542351,0.16474095,-0.032017957,-0.9858171
I,0.6587555,0.09263286,0.12265725,0.12409709,0.94805074,1.0,0.0,0.0,0.0,1.0,0.38647938,0.16447052,0.1614764,-0.03202356,-0.9863569
I,0.6795133,0.09303682,0.124381766,0.128737,0.9466977,1.0,0.0,0.0,0.0,1.0,0.3938899,0.16982293,0.162356,-0.03566406,-0.98608756
I,0.67602867,0.0939422,0.12566705,0.13259864,0.9459011,1.0,0.0,0.0,0.0,1.0,0.39114434,0.17401718,0.16502152,-0.030030439,-0.9858327
I,0.69427824,0.10202734,0.12892804,0.1318481,0.94407207,1.0,0.0,0.0,0.0,1.0,0.3971475,0.18252051,0.1572113,-0.025037332,-0.9872476
I,0.68136513,0.10340774,0.12614831,0.13146771,0.94247746,1.0,0.0,0.0,0.0,1.0,0.38253734,0.18379913,0.16205993,-0.023736604,-0.98649544
I,0.65036416,0.095062494,0.11752215,0.12822743,0.93970287,1.0,0.0,0.0,0.0,1.0,0.3687917,0.17041393,0.14706251,-0.027120667,-0.98875535
I,0.69405115,0.0988608,0.12094906,0.12269267,0.9428122,1.0,0.0,0.0,0.0,1.0,0.3639914,0.16194662,0.15938208,-0.008995509,-0.987176
I,0.6953357,0.10109412,0.11657872,0.12284045,0.9417434,1.0,0.0,0.0,0.0,1.0,0.3559489,0.1735448,0.17063375,-0.017172994,-0.98518485
I,0.69101924,0.0990781,0.11889391,0.12257615,0.93933684,1.0,0.0,0.0,0.0,1.0,0.35129604,0.17523396,0.16781622,-0.015658114,-0.98569393
I,0.71005034,0.10124189,0.11967193,0.123539835,0.93815273,1.0,0.0,0.0,0.0,1.0,0.35611805,0.17189349,0.16982867,-0.017269826,-0.98532224
I,0.705923,0.09435625,0.11753261,0.11996242,0.935918,1.0,0.0,0.0,0.0,1.0,0.34957856,0.17414922,0.16859348,-0.019973528,-0.9854833
I,0.70539534,0.10457236,0.12006847,0.1239081,0.93781585,1.0,0.0,0.0,0.0,1.0,0.36885527,0.16700247,0.16177031,-0.020692103,-0.9866115
I,0.7117636,0.1054375,0.12283217,0.12516388,0.94096154,1.0,0.0,0.0,0.0,1.0,0.37301412,0.17264397,0.16821603,-0.021335328,-0.98551923
I,0.7040284,0.10884082,0.123747416,0.12140587,0.93882596,1.0,0.0,0.0,0.0,1.0,0.38281605,0.16506249,0.15933926,-0.012464066,-0.98714525
I,0.7195494,0.1061365,0.12192172,0.11995932,0.94226587,1.0,0.0,0.0,0.0,1.0,0.3915691,0.15865703,0.15938775,-0.027670752,-0.9868282
I,0.7289239,0.11086972,0.12514704,0.12356114,0.93833107,1.0,0.0,0.0,0.0,1.0,0.39098668,0.15466453,0.1572902,-0.026940703,-0.98718494
I,0.7079922,0.106033154,0.123755485,0.11516218,0.9389076,1.0,0.0,0.0,0.0,1.0,0.37911457,0.14743607,0.1360779,-0.028970212,-0.9902745
I,0.71312296,0.10469402,0.122740194,0.114437595,0.93864405,1.0,0.0,0.0,0.0,1.0,0.3751004,0.15431163,0.14107816,-0.029621642,-0.9895552
I,0.7005454,0.10337867,0.121036865,0.10882724,0.9374442,1.0,0.0,0.0,0.0,1.0,0.37571117,0.15456727,0.13773228,-0.036826197,-0.98978466
I,0.70326084,0.10416296,0.119665995,0.1063009,0.937649,1.0,0.0,0.0,0.0,1.0,0.37222832,0.15158154,0.14258078,-0.033341236,-0.98922145
I,0.6947656,0.10964512,0.124442324,0.10933631,0.93768096,1.0,0.0,0.0,0.0,1.0,0.36405537,0.14976414,0.12936482,-0.033618435,-0.991027
I,0.69017565,0.110406294,0.122592114,0.103511654,0.93715626,1.0,0.0,0.0,0.0,1.0,0.35731468,0.14529885,0.12766002,-0.039129965,-0.9910458
I,0.6933951,0.110023856,0.12477226,0.10469801,0.93626547,1.0,0.0,0.0,0.0,1.0,0.35673118,0.14981101,0.1349156,-0.030370165,-0.99039155
I,0.6935152,0.11127436,0.12145306,0.09934543,0.93725157,1.0,0.0,0.0,0.0,1.0,0.35952717,0.14049357,0.120248616,-0.031272087,-0.9922511
I,0.7117628,0.11078035,0.12687166,0.10737053,0.93920654,1.0,0.0,0.0,0.0,1.0,0.35970074,0.15090099,0.12177334,-0.024022426,-0.9922672
I,0.7064095,0.110538,0.12663288,0.11058593,0.93862724,1.0,0.0,0.0,0.0,1.0,0.3575646,0.14997041,0.12393034,-0.023965254,-0.9920015
I,0.6960111,0.10354442,0.11996556,0.10100337,0.9380179,1.0,0.0,0.0,0.0,1.0,0.36012772,0.15313043,0.1304327,-0.021711148,-0.9912194
I,0.70050997,0.11030093,0.12379382,0.10434161,0.94066834,1.0,0.0,0.0,0.0,1.0,0.361811,0.15306246,0.14119244,-0.02065335,-0.9897667
I,0.68229264,0.10212768,0.12061249,0.09726047,0.93894714,1.0,0.0,0.0,0.0,1.0,0.3612275,0.15932222,0.12956463,-0.020519549,-0.9913587
I,0.67562276,0.09780605,0.11940683,0.10221367,0.9391103,1.0,0.0,0.0,0.0,1.0,0.37584552,0.17199463,0.12591586,-0.018682884,-0.991865
I,0.6745018,0.104854256,0.11917017,0.105206296,0.942464,1.0,0.0,0.0,0.0,1.0,0.38222113,0.15636337,0.13039532,-0.016943047,-0.99131733
I,0.67473084,0.10352228,0.121279605,0.10607411,0.94196725,1.0,0.0,0.0,0.0,1.0,0.37862873,0.16136731,0.1272486,-0.014593105,-0.99176353
I,0.6809849,0.107622266,0.11803306,0.10142441,0.9442813,1.0,0.0,0.0,0.0,1.0,0.37340748,0.14508313,0.110894665,-0.008571721,-0.9937953
I,0.7053186,0.11165646,0.12425459,0.102936044,0.94098246,1.0,0.0,0.0,0.0,1.0,0.37202206,0.15008235,0.11900776,0.0039555742,-0.9928855
I,0.7028926,0.11462344,0.12651378,0.102978595,0.941006,1.0,0.0,0.0,0.0,1.0,0.37419108,0.14423256,0.14405861,0.0050179474,-0.98955643
I,0.7108644,0.10378501,0.123747475,0.108314686,0.93826175,1.0,0.0,0.0,0.0,1.0,0.3697765,0.15051335,0.15224177,0.0013067976,-0.98834246
I,0.73614013,0.1063123,0.12200683,0.11099428,0.9397572,1.0,0.0,0.0,0.0,1.0,0.36259133,0.15220882,0.15587778,-0.0002655833,-0.9877764
I,0.71074355,0.10695223,0.12886761,0.11449685,0.9357953,1.0,0.0,0.0,0.0,1.0,0.36053944,0.1520675,0.13380666,-0.0041150986,-0.990999
I,0.6898222,0.10899705,0.12510875,0.10898982,0.9361621,1.0,0.0,0.0,0.0,1.0,0.3619372,0.1522148,0.1446414,0.006688165,-0.98946154
I,0.69580734,0.10611343,0.12448219,0.10967186,0.9423903,1.0,0.0,0.0,0.0,1.0,0.3779346,0.15581246,0.14827874,-0.024940768,-0.98863107
I,0.70484054,0.10308788,0.12463352,0.105741665,0.94833386,1.0,0.0,0.0,0.0,1.0,0.37780166,0.15141755,0.13284813,-0.038865842,-0.9903741
I,0.70299447,0.109294504,0.1269583,0.1029278,0.95024854,1.0,0.0,0.0,0.0,1.0,0.38139457,0.13571416,0.1265981,-0.044619665,-0.99095
I,0.68937606,0.10493475,0.12175286,0.10901524,0.93845654,1.0,0.0,0.0,0.0,1.0,0.3869441,0.15635395,0.13608746,-0.02374503,-0.9904122
I,0.6905446,0.10688777,0.1259809,0.11344885,0.941638,1.0,0.0,0.0,0.0,1.0,0.39331752,0.15328467,0.13487396,-0.03380153,-0.99028605
I,0.69601136,0.10676102,0.124684766,0.11129253,0.938171,1.0,0.0,0.0,0.0,1.0,0.38308463,0.15433998,0.13851607,-0.030591985,-0.98988754
I,0.6906982,0.10803163,0.12605396,0.11022454,0.94027066,1.0,0.0,0.0,0.0,1.0,0.38197428,0.15004589,0.13484009,-0.025797926,-0.99053144
I,0.70742065,0.10129636,0.11875271,0.10639046,0.94605076,1.0,0.0,0.0,0.0,1.0,0.38545814,0.15241939,0.14456579,-0.014266751,-0.98939234
I,0.68223137,0.09986672,0.118632354,0.11084475,0.9420469,1.0,0.0,0.0,0.0,1.0,0.37255007,0.15319559,0.14748417,-0.030209528,-0.98860306
I,0.6792739,0.10601876,0.12365354,0.11111145,0.9429574,1.0,0.0,0.0,0.0,1.0,0.3722673,0.14420639,0.13694233,-0.028295828,-0.99017483
I,0.67951304,0.10314081,0.12228758,0.1116432,0.94445324,1.0,0.0,0.0,0.0,1.0,0.37817192,0.14802758,0.13686237,-0.030601064,-0.99011725
I,0.6788412,0.10100878,0.12148908,0.114626355,0.9401582,1.0,0.0,0.0,0.0,1.0,0.3752334,0.15061314,0.1397938,-0.033284124,-0.9896211
I,0.67941,0.09548004,0.11880059,0.10626946,0.9416077,1.0,0.0,0.0,0.0,1.0,0.37157637,0.15381293,0.14059404,-0.025461532,-0.9897399
I,0.7010694,0.10714645,0.12413392,0.109192565,0.941521,1.0,0.0,0.0,0.0,1.0,0.3700578,0.15206811,0.13010903,-0.011966267,-0.99142754
I,0.6973261,0.10552731,0.12399866,0.11175133,0.94435924,1.0,0.0,0.0,0.0,1.0,0.36255175,0.1560644,0.15491253,-0.014177616,-0.98782647
I,0.71695817,0.10462616,0.12556785,0.11651831,0.9447917,1.0,0.0,0.0,0.0,1.0,0.3717495,0.1615171,0.14751786,-0.023226973,-0.98878664
I,0.69943875,0.10605143,0.12074331,0.10872431,0.94170266,1.0,0.0,0.0,0.0,1.0,0.36217853,0.15517911,0.14165503,-0.010857132,-0.9898566
I,0.706658,0.10781571,0.12242534,0.113453306,0.9417302,1.0,0.0,0.0,0.0,1.0,0.36637416,0.15613748,0.14217165,-0.010501549,-0.9897863
I,0.7151107,0.10731239,0.12132057,0.11557875,0.9425075,1.0,0.0,0.0,0.0,1.0,0.36030445,0.1462781,0.14502512,-0.008937646,-0.9893876
I,0.71752405,0.10482052,0.1220975,0.11616977,0.948185,1.0,0.0,0.0,0.0,1.0,0.36651903,0.15089108,0.15234686,-0.01930464,-0.9881385
I,0.69244874,0.102724954,0.118096024,0.12227421,0.94545835,1.0,0.0,0.0,0.0,1.0,0.35428274,0.14868544,0.15627497,-0.010504834,-0.9876577
I,0.695877,0.1017054,0.11836064,0.11819489,0.94591445,1.0,0.0,0.0,0.0,1.0,0.34877267,0.15078016,0.14898448,-0.012936302,-0.9887549
I,0.7019618,0.10433943,0.11954015,0.11766481,0.9459597,1.0,0.0,0.0,0.0,1.0,0.3509691,0.1531138,0.1610832,-0.011697717,-0.98687154
I,0.6938439,0.103133485,0.11972422,0.11598037,0.94656897,1.0,0.0,0.0,0.0,1.0,0.34747657,0.14875,0.15911013,-0.01483187,-0.9871494
I,0.67150706,0.10209922,0.1192044,0.11723265,0.9440955,1.0,0.0,0.0,0.0,1.0,0.33803642,0.14969535,0.13748623,-0.01950767,-0.99031156
I,0.71502393,0.096699595,0.11282841,0.10669246,0.94578415,1.0,0.0,0.0,0.0,1.0,0.3553766,0.15202038,0.14027299,-0.011433377,-0.99004686
I,0.7022107,0.10206365,0.11522573,0.11097373,0.9432056,1.0,0.0,0.0,0.0,1.0,0.34946105,0.14185539,0.13706294,-0.016971165,-0.99041694
I,0.71710527,0.103898674,0.11746557,0.11616047,0.94259536,1.0,0.0,0.0,0.0,1.0,0.34675393,0.14007263,0.14934878,-0.0068132468,-0.9887611
I,0.7080011,0.10167864,0.11721289,0.12755708,0.9441434,1.0,0.0,0.0,0.0,1.0,0.35339323,0.14292642,0.16298172,-0.020278536,-0.98642063
I,0.7093247,0.088444054,0.10989178,0.11819003,0.9424475,1.0,0.0,0.0,0.0,1.0,0.34505346,0.15648884,0.18142718,-0.023081789,-0.98313344
I,0.714604,0.10396066,0.115593605,0.11307665,0.9396601,1.0,0.0,0.0,0.0,1.0,0.32145604,0.15069717,0.17870489,0.013260081,-0.9838134
I,0.7088559,0.10272178,0.11596818,0.10748243,0.9389469,1.0,0.0,0.0,0.0,1.0,0.33009705,0.13743138,0.14817785,0.008574551,-0.9889236
I,0.70288056,0.102905646,0.11900321,0.11533877,0.9407246,1.0,0.0,0.0,0.0,1.0,0.33199,0.14443438,0.1472011,-0.007813718,-0.98907566
I,0.6931979,0.09718564,0.112940475,0.117843695,0.93944854,1.0,0.0,0.0,0.0,1.0,0.3290469,0.14435552,0.17176305,0.0024147995,-0.9851353
N,0.94190985,0.956499,0.9494465,0.94147027,0.93926746,0.0,0.0,0.0,0.0,0.0,0.99160904,0.27734807,0.9971708,0.06794668,-0.032152224
N,0.9038882,0.8885473,0.9372191,0.86468434,0.82907575,0.0,0.0,0.0,0.0,0.0,0.4375048,0.8861319,0.7349045,-0.58160895,0.34877846
N,0.97277546,0.89466447,0.9124814,0.88348025,0.8574234,0.0,0.0,0.0,0.0,0.0,1.0292851,0.7675312,0.72121227,-0.6904539,0.055911694
N,0.9210801,0.79058784,0.77687246,0.7289067,0.7111737,0.0,0.0,0.0,0.0,0.0,0.29895073,0.4159268,0.7157721,-0.62503535,0.31145
N,0.851949,0.79514015,0.80402213,0.7202238,0.65953416,0.0,0.0,0.0,0.0,0.0,0.2584205,0.23885998,0.66922003,-0.5647256,0.4829384
N,0.81481725,0.8578057,0.8766367,0.86995655,0.8257199,0.0,0.0,0.0,0.0,0.0,0.13515674,0.26226372,0.47758594,-0.5303682,0.70044357
N,0.8469549,0.7803612,0.82757735,0.7953659,0.8238934,1.0,0.0,0.0,0.0,0.0,0.3875668,0.15775277,0.14649099,-0.085561104,0.98550487
N,0.88557106,0.744681,0.80871326,0.78392863,0.8085636,1.0,0.0,0.0,0.0,0.0,0.34080455,0.13208231,0.231851,-0.082805075,0.9692205
N,0.91662616,0.6951492,0.737084,0.73784286,0.7830909,1.0,0.0,0.0,0.0,0.0,0.37210366,0.10825492,0.30895466,-0.093169995,0.94650215
N,0.9071852,0.70688546,0.6861131,0.70791584,0.7420882,1.0,0.0,0.0,0.0,0.0,0.27257535,0.097970225,0.34232956,-0.13795774,0.9293966
N,0.920706,0.6424871,0.62032074,0.69614,0.7447334,1.0,0.0,0.0,0.0,0.0,0.3723165,0.1040995,0.28442484,-0.12371969,0.95068187
N,0.89544076,0.6255879,0.5823813,0.66471785,0.7141545,1.0,0.0,0.0,0.0,0.0,0.45461065,0.131781,0.25809655,-0.14411686,0.9553097
N,0.90284,0.6217416,0.59750754,0.6660948,0.7132249,1.0,0.0,0.0,0.0,0.0,0.39125103,0.11816825,0.28981066,-0.13579765,0.9474011
N,0.916074,0.6491089,0.57866555,0.65888387,0.7173391,1.0,0.0,0.0,0.0,0.0,0.47156823,0.13509953,0.2977451,-0.18467061,0.9366133
N,0.914204,0.6666893,0.6208791,0.6797819,0.702321,1.0,0.0,0.0,0.0,0.0,0.45553502,0.12871614,0.23405193,-0.17713505,0.9559513
N,0.8949457,0.6700564,0.6038621,0.6678876,0.6960166,1.0,0.0,0.0,0.0,0.0,0.46374586,0.1300587,0.22484498,-0.19142541,0.9554062
N,0.900138,0.70002407,0.6709701,0.7049764,0.72922397,1.0,0.0,0.0,0.0,0.0,0.4502327,0.14384802,0.220932,-0.16383457,0.96142983
N,0.8967571,0.70183575,0.6883095,0.72477823,0.73421824,1.0,0.0,0.0,0.0,0.0,0.41102573,0.13467498,0.17712955,-0.17456049,0.9685834
N,0.9050677,0.7398809,0.71898395,0.7542464,0.74505305,1.0,0.0,0.0,0.0,0.0,0.40237975,0.14123549,0.15691565,-0.18202713,0.97069234
N,0.8838941,0.7646966,0.74601215,0.7614562,0.76827896,1.0,0.0,0.0,0.0,0.0,0.38431835,0.13466579,0.18845056,-0.17412475,0.9665232
N,0.8823941,0.7425168,0.75290257,0.7354273,0.7368579,1.0,0.0,0.0,0.0,0.0,0.35711035,0.1466748,0.16771781,-0.17413801,0.97033334
N,0.920693,0.75330275,0.7661721,0.7290444,0.66231036,1.0,0.0,0.0,0.0,0.0,0.3850865,0.16350316,0.1398237,-0.1912808,0.9715251
N,0.94153994,0.7870927,0.816879,0.749511,0.6572227,1.0,0.0,0.0,0.0,0.0,0.3928644,0.16930954,0.09286063,-0.1781764,0.9796071
N,0.95379907,0.79614186,0.81781137,0.76111984,0.7101319,1.0,0.0,0.0,0.0,0.0,0.41860366,0.17201838,0.06550087,-0.20229356,0.977132
N,0.9568636,0.7859069,0.82151145,0.74415946,0.717764,1.0,0.0,0.0,0.0,0.0,0.41092545,0.17849647,0.047201622,-0.23788814,0.970145
N,0.9458035,0.7860922,0.8234646,0.74019265,0.76179653,1.0,0.0,0.0,0.0,0.0,0.40274572,0.18616422,0.0054990817,-0.2517629,0.9677734
N,0.9381251,0.8215391,0.85268664,0.7502226,0.76464343,1.0,0.0,0.0,0.0,0.0,0.41570178,0.19393384,0.022993756,-0.2651668,0.9639283
N,0.91919607,0.8653376,0.8743208,0.73380715,0.72684836,1.0,0.0,0.0,0.0,0.0,0.4456706,0.1981963,0.0013638142,-0.2723201,0.9622057
N,0.93338317,0.91210574,0.92277324,0.7739479,0.7895416,1.0,0.0,0.0,0.0,0.0,0.4515442,0.185352,0.028553985,-0.29747003,0.95430404
N,0.917969,0.9162225,0.89060396,0.70488775,0.6613691,1.0,0.0,0.0,0.0,0.0,0.43661162,0.17971353,0.01058129,-0.3029074,0.9529612
N,0.90718865,0.9217294,0.90406567,0.7380979,0.7022817,1.0,0.0,0.0,0.0,0.0,0.434628,0.17290238,-0.03709772,-0.29314658,0.9553475
N,0.9053354,0.92242223,0.93155265,0.77930415,0.77803093,1.0,0.0,0.0,0.0,0.0,0.4207696,0.16999982,-0.014978321,-0.3039683,0.95256436
N,0.91262794,0.9125758,0.93809086,0.778218,0.79180914,1.0,0.0,0.0,0.0,0.0,0.40122485,0.17232281,0.00841182,-0.3282493,0.9445536
N,0.8991096,0.8989341,0.92872083,0.77640134,0.7879061,1.0,0.0,0.0,0.0,0.0,0.38482592,0.16344063,-0.03566743,-0.30796766,0.950728
N,0.88236755,0.87615967,0.92252123,0.77707857,0.79982483,1.0,0.0,0.0,0.0,0.0,0.39976576,0.17624876,-0.010063167,-0.32338542,0.9462139
N,0.88732237,0.88757324,0.9347505,0.78192985,0.8034072,1.0,0.0,0.0,0.0,0.0,0.43119907,0.18172146,0.0007955342,-0.33541363,0.9420707
N,0.906094,0.8706127,0.91529435,0.78596675,0.8258009,1.0,0.0,0.0,0.0,0.0,0.42753592,0.17496988,0.020833828,-0.29683053,0.95470285
N,0.89083046,0.86260474,0.903316,0.7671719,0.80515337,1.0,0.0,0.0,0.0,0.0,0.42338666,0.18917981,-0.012764299,-0.30061635,0.9536598
N,0.8993066,0.86835897,0.91138095,0.75450593,0.7813678,1.0,0.0,0.0,0.0,0.0,0.47119373,0.18883702,0.022127029,-0.3318542,0.9430711
N,0.90547127,0.85536265,0.89726573,0.77745986,0.81787974,1.0,0.0,0.0,0.0,0.0,0.44770306,0.17750722,0.014160891,-0.3037128,0.9526584
N,0.90552074,0.8603479,0.89022154,0.78166646,0.8173077,1.0,0.0,0.0,0.0,0.0,0.445955,0.18653886,-0.057383597,-0.28761676,0.95602494
N,0.9287074,0.79958713,0.83211166,0.72592616,0.7422266,1.0,0.0,0.0,0.0,0.0,0.39268985,0.1885924,-0.010116677,-0.27676475,0.96088445
N,0.9460741,0.8133254,0.8172597,0.7097046,0.7394476,1.0,0.0,0.0,0.0,0.0,0.4054875,0.17802316,-0.010454919,-0.27848083,0.9603849
N,0.95101637,0.867258,0.82454747,0.73417294,0.7629753,1.0,0.0,0.0,0.0,0.0,0.4157714,0.15931289,-0.019696066,-0.2514728,0.9676639
N,0.94514805,0.8914119,0.83578956,0.7625532,0.7767533,1.0,0.0,0.0,0.0,0.0,0.3719915,0.15481661,0.01063666,-0.20688426,0.9783076
N,0.9209389,0.8760742,0.8064641,0.7471669,0.77315336,1.0,0.0,0.0,0.0,0.0,0.3359397,0.15862171,-0.022289928,-0.1937972,0.9807884
N,0.92816055,0.82185894,0.74267596,0.72308314,0.7655296,1.0,0.0,0.0,0.0,0.0,0.34820524,0.17199923,-0.049963273,-0.18043448,0.9823172
N,0.95019776,0.79664373,0.7512927,0.7563806,0.7948642,1.0,0.0,0.0,0.0,0.0,0.40278116,0.18045074,-0.094770186,-0.14618067,0.984708
N,0.9360299,0.7611994,0.69894695,0.72834754,0.81369406,1.0,0.0,0.0,0.0,0.0,0.40022996,0.15981174,-0.07673963,-0.11819266,0.99002093
N,0.8999461,0.74896103,0.6485475,0.6941319,0.82237947,1.0,0.0,0.0,0.0,0.0,0.33196408,0.1441786,-0.104946196,-0.111785084,0.98817533
N,0.8794887,0.74468535,0.6507941,0.70273644,0.8289248,1.0,0.0,0.0,0.0,0.0,0.32389838,0.1429553,-0.09900623,-0.11046531,0.9889364
N,0.89063525,0.755082,0.65557355,0.7000071,0.82980794,1.0,0.0,0.0,0.0,0.0,0.30839637,0.14587055,-0.11114909,-0.09730978,0.98902816
N,0.91856015,0.7516474,0.6452092,0.69736576,0.8406162,1.0,0.0,0.0,0.0,0.0,0.3582281,0.15456189,-0.1495919,-0.090079986,0.98463595
N,0.91916776,0.77275515,0.6778896,0.7050735,0.83937854,1.0,0.0,0.0,0.0,0.0,0.35269907,0.1591463,-0.15458897,-0.088269584,0.98402774
N,0.9186815,0.7653482,0.70258236,0.72841626,0.8257959,1.0,0.0,0.0,0.0,0.0,0.37403995,0.16193151,-0.11222099,-0.10612902,0.9879995
N,0.94715446,0.7783177,0.72918147,0.74639183,0.81652373,1.0,0.0,0.0,0.0,0.0,0.40533018,0.16038871,-0.065083735,-0.13203853,0.98910564
N,0.95383906,0.78262496,0.71926177,0.7423073,0.8115781,1.0,0.0,0.0,0.0,0.0,0.39918903,0.1690005,-0.052832957,-0.14696428,0.98772985
N,0.96045935,0.79370683,0.7454362,0.74664646,0.805889,1.0,0.0,0.0,0.0,0.0,0.3870596,0.16680437,-0.07891909,-0.15182057,0.9852524
N,0.9552172,0.7783692,0.7575015,0.7452618,0.8121037,1.0,0.0,0.0,0.0,0.0,0.37285462,0.1497596,-0.04004156,-0.17239998,0.9842128
N,0.94725806,0.7985436,0.7609358,0.73017216,0.7887507,1.0,0.0,0.0,0.0,0.0,0.34610787,0.15023223,-0.03094433,-0.20159544,0.9789799
N,0.94599944,0.803575,0.77245706,0.73523986,0.7724413,1.0,0.0,0.0,0.0,0.0,0.38796794,0.1670142,-0.022293,-0.20149869,0.97923505
N,0.9526312,0.8107288,0.7751112,0.7400206,0.7763586,1.0,0.0,0.0,0.0,0.0,0.41119036,0.16056632,-0.005432306,-0.20613079,0.9785093
N,0.94868356,0.79746425,0.77577114,0.74154663,0.77624553,1.0,0.0,0.0,0.0,0.0,0.38873342,0.15569787,0.02941729,-0.2091384,0.9774434
N,0.9480142,0.79306084,0.77592796,0.7446434,0.7905306,1.0,0.0,0.0,0.0,0.0,0.365621,0.15011257,0.01496137,-0.21175277,0.97720873
N,0.9509798,0.8006956,0.78417015,0.7483547,0.7885659,1.0,0.0,0.0,0.0,0.0,0.373071,0.15179679,0.018085796,-0.21496342,0.97645456
N,0.9533855,0.8005313,0.7708086,0.7408643,0.7820074,1.0,0.0,0.0,0.0,0.0,0.3834565,0.15304987,-0.022495862,-0.20849237,0.9777652
N,0.94244206,0.7948454,0.76968503,0.7457164,0.7868016,1.0,0.0,0.0,0.0,0.0,0.37573105,0.15453753,-0.010894278,-0.20962536,0.97772104
N,0.953861,0.7961489,0.7679337,0.7379987,0.77493095,1.0,0.0,0.0,0.0,0.0,0.39165437,0.15281714,0.005735023,-0.21475531,0.9766511
N,0.9465179,0.7882581,0.7739631,0.73985994,0.772759,1.0,0.0,0.0,0.0,0.0,0.37472618,0.14890508,-0.012752644,-0.20721054,0.97821325
N,0.9560854,0.80264026,0.77749306,0.73517513,0.7647538,1.0,0.0,0.0,0.0,0.0,0.3881292,0.15292862,0.018230839,-0.22217669,0.97483593
N,0.9552707,0.8179174,0.81062555,0.7442739,0.76428294,1.0,0.0,0.0,0.0,0.0,0.40243447,0.14645033,0.015213593,-0.217022,0.9760482
N,0.9534934,0.81867707,0.8101938,0.74869365,0.776319,1.0,0.0,0.0,0.0,0.0,0.40752012,0.14543629,0.05445843,-0.2257627,0.972659
N,0.9552881,0.82815826,0.8293391,0.7481138,0.7668159,1.0,0.0,0.0,0.0,0.0,0.41803402,0.147522,0.03919768,-0.22522986,0.9735168
N,0.9499874,0.8263191,0.8418955,0.750907,0.76504487,1.0,0.0,0.0,0.0,0.0,0.3931082,0.1434434,0.045489486,-0.22622123,0.97301316
N,0.95386076,0.8267592,0.84500235,0.75162435,0.77547663,1.0,0.0,0.0,0.0,0.0,0.38298368,0.14222354,0.032258797,-0.22844373,0.9730225
N,0.9526853,0.82753235,0.84073853,0.74941635,0.77905256,1.0,0.0,0.0,0.0,0.0,0.37338498,0.1395883,0.041822173,-0.23489292,0.97112113
N,0.95180047,0.8199906,0.81972134,0.74240565,0.779415,1.0,0.0,0.0,0.0,0.0,0.36553568,0.14261852,0.037648685,-0.23929991,0.97021556
N,0.946323,0.8211078,0.82434666,0.7493867,0.78537047,1.0,0.0,0.0,0.0,0.0,0.37932476,0.15187459,0.043169096,-0.22886018,0.97250164
N,0.9475468,0.8158433,0.8175526,0.7465594,0.79377246,1.0,0.0,0.0,0.0,0.0,0.36542615,0.15240166,0.04985425,-0.2333569,0.9711123
N,0.9505228,0.81290656,0.8210251,0.74809337,0.7887986,1.0,0.0,0.0,0.0,0.0,0.37610072,0.15158804,0.048071958,-0.22782724,0.97251415
N,0.94991916,0.8151857,0.8217125,0.75304806,0.79113585,1.0,0.0,0.0,0.0,0.0,0.3758466,0.15336218,0.04215491,-0.22482572,0.9734867
N,0.9508029,0.80756104,0.8092076,0.7449524,0.78418964,1.0,0.0,0.0,0.0,0.0,0.36641866,0.14783882,0.05472334,-0.23069449,0.9714863
N,0.9543817,0.8107179,0.81394416,0.7459727,0.7934455,1.0,0.0,0.0,0.0,0.0,0.3863242,0.14401808,0.02121736,-0.23527415,0.97169745
N,0.95500016,0.79804826,0.8030062,0.7433014,0.78985924,1.0,0.0,0.0,0.0,0.0,0.35454577,0.14429234,0.040379103,-0.24035591,0.96984464
N,0.95096457,0.80155605,0.7971075,0.74431634,0.7897348,1.0,0.0,0.0,0.0,0.0,0.3744457,0.14354292,0.03919605,-0.23474996,0.97126526
N,0.9529518,0.8045724,0.8058854,0.7518185,0.7940208,1.0,0.0,0.0,0.0,0.0,0.38363478,0.14484891,0.033628397,-0.22575593,0.9736033
N,0.95860255,0.7948134,0.7888088,0.7404962,0.78266203,1.0,0.0,0.0,0.0,0.0,0.3887325,0.14543477,0.008003336,-0.22606042,0.97408044
N,0.9536137,0.79022706,0.7869073,0.7444805,0.78627354,1.0,0.0,0.0,0.0,0.0,0.39210108,0.1464687,0.014098621,-0.21133378,0.9773123
N,0.9521052,0.7891004,0.752454,0.7419553,0.80092764,1.0,0.0,0.0,0.0,0.0,0.40106887,0.16359271,-0.054421287,-0.17631489,0.9828282
N,0.9253882,0.7885221,0.7704637,0.7618995,0.8253234,1.0,0.0,0.0,0.0,0.0,0.35203934,0.15176018,-0.032315012,-0.14420588,0.9890199
N,0.94137084,0.79921496,0.70665896,0.7200889,0.8168156,1.0,0.0,0.0,0.0,0.0,0.34454563,0.15827014,-0.14200242,-0.11497874,0.9831659
N,0.9100941,0.78192836,0.65009564,0.6729251,0.8210888,1.0,0.0,0.0,0.0,0.0,0.3049956,0.1534063,-0.18862016,-0.0862352,0.97825664
N,0.84613085,0.73328453,0.5706765,0.6355183,0.8033129,1.0,0.0,0.0,0.0,0.0,0.22103028,0.16248588,-0.16510212,-0.060728572,0.98440504
N,0.8090203,0.6883108,0.49282926,0.57334965,0.7866713,1.0,0.0,0.0,0.0,0.0,0.21564569,0.16399881,-0.15748942,-0.055297893,0.98597115
N,0.722773,0.61274827,0.4126765,0.55550784,0.79515785,1.0,0.0,0.0,0.0,0.0,0.17261557,0.16104278,-0.09144176,-0.060844805,0.9939499
N,0.77562094,0.5501038,0.33918908,0.49117437,0.7759364,1.0,0.0,0.0,0.0,0.0,0.24273284,0.16667722,-0.08308192,-0.06419984,0.9944726
N,0.7463949,0.48949176,0.2813156,0.40706655,0.7253136,1.0,0.0,0.0,0.0,0.0,0.20122047,0.16019458,-0.048242014,-0.054187216,0.99736476
N,0.7858408,0.45794335,0.27364445,0.3653523,0.71314377,1.0,0.0,0.0,0.0,0.0,0.25749126,0.1595236,-0.034436677,-0.05824907,0.997708
N,0.8507167,0.4106081,0.24952687,0.32762602,0.6552369,1.0,0.0,0.0,0.0,0.0,0.3459376,0.15837742,0.033560775,-0.072459765,0.99680656
N,0.79513323,0.3940173,0.23687842,0.32858717,0.62546664,1.0,0.0,0.0,0.0,0.0,0.26055115,0.1601811,0.03828349,-0.07089973,0.9967485
R,0.86037433,0.9786037,0.9564101,0.113630004,0.20292155,1.0,1.0,1.0,0.0,0.0,1.0439435,0.12303333,0.16222577,-0.13791567,0.97706807
R,0.92168397,0.9722966,0.9365542,0.16298726,0.21404763,1.0,1.0,1.0,0.0,0.0,0.80460036,0.10073277,0.31275615,-0.09041435,0.94552046
R,0.91350967,0.97151995,0.92338914,0.13983935,0.1711009,1.0,1.0,1.0,0.0,0.0,0.76941586,0.11214727,0.3034671,-0.09578708,0.94801503
R,0.91171515,0.9629155,0.9445727,0.1290331,0.16212586,1.0,1.0,1.0,0.0,0.0,0.7305166,0.12506804,0.3267582,-0.08879665,0.9409273
R,0.92104554,0.9598381,0.95405436,0.1250812,0.16042075,1.0,1.0,1.0,0.0,0.0,0.7113687,0.11829884,0.3245714,-0.08124522,0.9423654
R,0.924844,0.9604711,0.95750475,0.118485324,0.15516311,1.0,1.0,1.0,0.0,0.0,0.72518665,0.11033984,0.31072867,-0.07932872,0.9471825
R,0.9193374,0.95160437,0.97848594,0.11505052,0.16686991,1.0,1.0,1.0,0.0,0.0,0.7033955,0.10964358,0.31093562,-0.076032296,0.9473849
R,0.9085556,0.95425147,0.9776059,0.1199618,0.17631924,1.0,1.0,1.0,0.0,0.0,0.70021045,0.10519227,0.31765044,-0.07098269,0.9455473
R,0.9079435,0.9522593,0.9775333,0.11452891,0.17333971,1.0,1.0,1.0,0.0,0.0,0.6932225,0.109891586,0.2980122,-0.07248766,0.9518058
R,0.90866995,0.9546839,0.9841503,0.11782602,0.1758473,1.0,1.0,1.0,0.0,0.0,0.70349604,0.09515342,0.30277175,-0.06987276,0.95049834
R,0.90510666,0.95505136,0.9796415,0.1180396,0.17057705,1.0,1.0,1.0,0.0,0.0,0.7192602,0.09793466,0.28921694,-0.068878375,0.95478237
R,0.89207995,0.954464,0.9789388,0.11855277,0.17326702,1.0,1.0,1.0,0.0,0.0,0.7138951,0.08997838,0.27511337,-0.068436265,0.958973
R,0.8898185,0.95739996,0.97993845,0.118253335,0.18152572,1.0,1.0,1.0,0.0,0.0,0.72861755,0.08687068,0.29223758,-0.06968306,0.9538037
R,0.8958355,0.95740396,0.98148125,0.11419775,0.18573403,1.0,1.0,1.0,0.0,0.0,0.7379772,0.08860778,0.3059211,-0.07652533,0.9489764
R,0.8933867,0.96300656,0.9876505,0.111070275,0.18593626,1.0,1.0,1.0,0.0,0.0,0.7564664,0.07989587,0.30505383,-0.072958745,0.94953626
R,0.8947879,0.96031934,0.9874318,0.10798705,0.19031589,1.0,1.0,1.0,0.0,0.0,0.75835454,0.07788829,0.29691377,-0.078502536,0.95167196
R,0.8882733,0.96166915,0.9808319,0.10748215,0.18344732,1.0,1.0,1.0,0.0,0.0,0.74643326,0.07657085,0.28111655,-0.07323756,0.95687497
R,0.8880347,0.96499985,0.9857306,0.101143315,0.19489186,1.0,1.0,1.0,0.0,0.0,0.76118606,0.07104783,0.27748182,-0.07490512,0.95780635
R,0.87810904,0.9582087,0.9899167,0.11798399,0.15785037,1.0,1.0,1.0,0.0,0.0,0.7551669,0.085418895,0.2868494,-0.07258577,0.95522183
R,0.87706983,0.9632333,0.99204874,0.10704219,0.14085338,1.0,1.0,1.0,0.0,0.0,0.805797,0.057303227,0.28705078,-0.08012549,0.9545584
R,0.869438,0.9604807,0.9950751,0.10813063,0.13595349,1.0,1.0,1.0,0.0,0.0,0.8088547,0.06726799,0.26640788,-0.07566383,0.96088594
R,0.87784296,0.9652952,0.99006087,0.1058028,0.13616411,1.0,1.0,1.0,0.0,0.0,0.8102707,0.07223424,0.279312,-0.06669941,0.95788103
R,0.88162756,0.96605265,0.9829373,0.107708886,0.14676988,1.0,1.0,1.0,0.0,0.0,0.8030155,0.07060506,0.2606953,-0.061234567,0.9634772
R,0.89383304,0.9685101,0.9824018,0.11245541,0.15752326,1.0,1.0,1.0,0.0,0.0,0.7935526,0.08006532,0.25819397,-0.057401776,0.9643863
R,0.888069,0.9603355,0.98176104,0.10442143,0.14113094,1.0,1.0,1.0,0.0,0.0,0.7765742,0.07259424,0.26223755,-0.05408068,0.96348673
R,0.8883256,0.9604704,0.98455894,0.100591384,0.15617695,1.0,1.0,1.0,0.0,0.0,0.75341606,0.055131853,0.2581149,-0.052844927,0.96466786
R,0.888322,0.9609552,0.98361313,0.10392305,0.1634366,1.0,1.0,1.0,0.0,0.0,0.76350456,0.06354651,0.24034365,-0.04905644,0.96944755
R,0.89449155,0.96333766,0.9835609,0.10327474,0.18762477,1.0,1.0,1.0,0.0,0.0,0.76042217,0.06488386,0.24023503,-0.048864324,0.96948403
R,0.89768636,0.9532265,0.9907895,0.09583108,0.21535121,1.0,1.0,1.0,0.0,0.0,0.74546885,0.06354154,0.24813575,-0.057739045,0.967003
R,0.9097886,0.9532805,0.98551166,0.09723581,0.1730879,1.0,1.0,1.0,0.0,0.0,0.7335171,0.06998251,0.25450736,-0.05150616,0.9656983
R,0.9009507,0.9548726,0.983263,0.092213444,0.19482905,1.0,1.0,1.0,0.0,0.0,0.74277866,0.058385473,0.24716882,-0.053460777,0.9674965
R,0.8860266,0.949782,0.9864293,0.09195639,0.37912667,1.0,1.0,1.0,0.0,0.0,0.73191345,0.07098037,0.2568169,-0.065164015,0.9642607
R,0.8771741,0.94721204,0.9896378,0.092474036,0.29457417,1.0,1.0,1.0,0.0,0.0,0.7379104,0.0731966,0.2369046,-0.06449405,0.9693899
R,0.88194406,0.9486329,0.9948662,0.09711853,0.25983405,1.0,1.0,1.0,0.0,0.0,0.7517793,0.07034931,0.23501147,-0.07771893,0.9688805
R,0.87907135,0.9556016,0.99443597,0.09919586,0.31444576,1.0,1.0,1.0,0.0,0.0,0.7584144,0.052787032,0.24940091,-0.07336572,0.96561724
R,0.89312273,0.95271933,0.9956411,0.10192727,0.1660253,1.0,1.0,1.0,0.0,0.0,0.7320741,0.06986613,0.2511114,-0.05810117,0.96621287
R,0.9044954,0.95125884,0.99626327,0.09725025,0.16642268,1.0,1.0,1.0,0.0,0.0,0.721401,0.0837373,0.2689149,-0.06240451,0.96114016
R,0.90313137,0.9517822,0.99438953,0.09959685,0.15802564,1.0,1.0,1.0,0.0,0.0,0.7244041,0.08123148,0.26283768,-0.063923284,0.9627202
R,0.9128986,0.95522773,0.9968204,0.10165937,0.14577909,1.0,1.0,1.0,0.0,0.0,0.7386402,0.06734778,0.2792874,-0.07319316,0.95741385
R,0.9115464,0.95774615,0.98623747,0.10606941,0.14296958,1.0,1.0,1.0,0.0,0.0,0.7290825,0.07623312,0.28001794,-0.064626835,0.95781696
R,0.9222452,0.9628297,0.99816096,0.1083639,0.13721186,1.0,1.0,1.0,0.0,0.0,0.69129133,0.04272346,0.2747267,-0.061728135,0.9595389
R,0.92930114,0.97119504,0.99666286,0.110255845,0.13148445,1.0,1.0,1.0,0.0,0.0,0.67853034,0.026082043,0.26897046,-0.059458237,0.9613114
R,0.9243672,0.97002167,0.99554247,0.10894444,0.14675908,1.0,1.0,1.0,0.0,0.0,0.66658455,0.037093014,0.2954778,-0.056855988,0.9536563
R,0.92721415,0.96983874,0.9970265,0.11175954,0.14331503,1.0,1.0,1.0,0.0,0.0,0.65739065,0.042199254,0.30779907,-0.058134317,0.9496737
R,0.92611927,0.9655718,0.98536277,0.11190972,0.14357635,1.0,1.0,1.0,0.0,0.0,0.6508233,0.03841381,0.3043163,-0.060299557,0.9506606
R,0.92396724,0.97404313,0.9853689,0.11290235,0.14481218,1.0,1.0,1.0,0.0,0.0,0.6712958,0.038185466,0.31240717,-0.05919519,0.9481022
R,0.93086755,0.9710965,0.99791765,0.11364581,0.1384509,1.0,1.0,1.0,0.0,0.0,0.67558986,0.03588262,0.3043699,-0.061417997,0.95057184
R,0.9250777,0.973066,0.9875303,0.112194635,0.14615154,1.0,1.0,1.0,0.0,0.0,0.6851085,0.03176038,0.30361328,-0.0640769,0.9506383
R,0.9315397,0.97328895,0.99430835,0.11401086,0.14042658,1.0,1.0,1.0,0.0,0.0,0.6842632,0.03456495,0.28761905,-0.06464466,0.95556074
R,0.93282044,0.9701724,0.99072355,0.117827915,0.14825353,1.0,1.0,1.0,0.0,0.0,0.719572,0.049441047,0.29888126,-0.07452578,0.9513758
R,0.9316561,0.96997654,0.9842747,0.12612884,0.15112703,1.0,1.0,1.0,0.0,0.0,0.7247951,0.04993423,0.30005026,-0.07444521,0.95101404
R,0.935134,0.96988565,0.9788769,0.120856084,0.15063931,1.0,1.0,1.0,0.0,0.0,0.7577999,0.06272611,0.2927984,-0.08025034,0.95280063
R,0.93403125,0.97024244,0.97202444,0.12505281,0.1548359,1.0,1.0,1.0,0.0,0.0,0.7672459,0.08446189,0.29836705,-0.08039297,0.9510594
R,0.9263566,0.9694268,0.96766555,0.12247454,0.1521799,1.0,1.0,1.0,0.0,0.0,0.805504,0.10371895,0.29444453,-0.090037376,0.95141774
R,0.93060505,0.97308797,0.97359467,0.13091199,0.1505901,1.0,1.0,1.0,0.0,0.0,0.7865716,0.102364615,0.2905171,-0.08361304,0.95320964
R,0.9299598,0.9743439,0.966922,0.12992649,0.15859066,1.0,1.0,1.0,0.0,0.0,0.78343445,0.10074905,0.29986054,-0.0840843,0.95027024
R,0.9237056,0.9758765,0.9752404,0.12875059,0.16389926,1.0,1.0,1.0,0.0,0.0,0.77472484,0.07317421,0.28961498,-0.08320874,0.9535195
R,0.9263475,0.97620505,0.97705495,0.13259779,0.16837914,1.0,1.0,1.0,0.0,0.0,0.7689516,0.05707726,0.29182518,-0.08486101,0.95269966
R,0.92750627,0.976433,0.9824176,0.1357161,0.17233667,1.0,1.0,1.0,0.0,0.0,0.7682779,0.062261846,0.29645982,-0.085340455,0.9512248
R,0.9275663,0.9776881,0.9757103,0.13932678,0.176508,1.0,1.0,1.0,0.0,0.0,0.7745765,0.06577977,0.2933797,-0.08088657,0.95256793
R,0.9280581,0.9800887,0.97662693,0.13965903,0.17331703,1.0,1.0,1.0,0.0,0.0,0.7715121,0.07609799,0.28920445,-0.07980167,0.9539353
R,0.9275898,0.9785175,0.9782729,0.13689935,0.16724545,1.0,1.0,1.0,0.0,0.0,0.77502054,0.07874985,0.29796106,-0.08307474,0.9509562
R,0.92586374,0.9783608,0.9751559,0.13507198,0.16326013,1.0,1.0,1.0,0.0,0.0,0.7778895,0.081813894,0.30052042,-0.08355572,0.95010847
R,0.92495805,0.97507346,0.97464544,0.13867839,0.1621675,1.0,1.0,1.0,0.0,0.0,0.7792918,0.07043688,0.29397622,-0.08663816,0.9518781
R,0.9272396,0.9737739,0.9628501,0.14100899,0.17317647,1.0,1.0,1.0,0.0,0.0,0.7807485,0.0702033,0.2980003,-0.090954974,0.9502227
R,0.9311547,0.97308236,0.96525043,0.136191,0.17622767,1.0,1.0,1.0,0.0,0.0,0.77199394,0.06094684,0.30151272,-0.087978736,0.9493944
R,0.9285669,0.9747954,0.95892346,0.14334865,0.1846126,1.0,1.0,1.0,0.0,0.0,0.78746164,0.05975756,0.30643496,-0.09211169,0.9474244
R,0.9125882,0.9758395,0.9617203,0.13508303,0.18477292,1.0,1.0,1.0,0.0,0.0,0.7868025,0.048491947,0.30762246,-0.092867814,0.9469657
R,0.9209232,0.9735311,0.96547157,0.1468704,0.18078518,1.0,1.0,1.0,0.0,0.0,0.77185506,0.04239174,0.30872345,-0.09691824,0.94620126
R,0.9083756,0.9689375,0.9652741,0.13265742,0.16376421,1.0,1.0,1.0,0.0,0.0,0.7997664,0.05604995,0.3226617,-0.0938236,0.9418528
R,0.9143069,0.9690895,0.9716764,0.13612089,0.17520055,1.0,1.0,1.0,0.0,0.0,0.80946416,0.052660163,0.31085262,-0.091548145,0.9460388
R,0.91496545,0.96790045,0.97437364,0.13513713,0.18290815,1.0,1.0,1.0,0.0,0.0,0.8090039,0.052374616,0.3171476,-0.08762357,0.94431955
R,0.9157456,0.97078145,0.9789606,0.1250588,0.18052262,1.0,1.0,1.0,0.0,0.0,0.80934274,0.050884057,0.3210684,-0.08635722,0.9431106
R,0.9136253,0.96393675,0.9615556,0.13031267,0.18085372,1.0,1.0,1.0,0.0,0.0,0.7907555,0.075531244,0.31549552,-0.07764652,0.94574493
R,0.91170764,0.9643351,0.96020097,0.12990564,0.19114728,1.0,1.0,1.0,0.0,0.0,0.791584,0.07088761,0.29819214,-0.085293956,0.9506873
R,0.9190856,0.9669425,0.971775,0.12668063,0.17896436,1.0,1.0,1.0,0.0,0.0,0.79555994,0.045698,0.31816515,-0.0872932,0.9440079
R,0.92129445,0.9670086,0.974202,0.12603532,0.18051659,1.0,1.0,1.0,0.0,0.0,0.80349034,0.062114235,0.3181256,-0.08766436,0.94398683
R,0.9200091,0.96686584,0.9823134,0.12275634,0.18098305,1.0,1.0,1.0,0.0,0.0,0.8081715,0.06107199,0.32072988,-0.08449888,0.943394
R,0.9206363,0.9670284,0.98644936,0.1233298,0.18266167,1.0,1.0,1.0,0.0,0.0,0.80473584,0.06365262,0.3172929,-0.083344474,0.94465816
R,0.925411,0.969098,0.98088866,0.12386285,0.17589083,1.0,1.0,1.0,0.0,0.0,0.80230886,0.06237936,0.3217799,-0.08174864,0.94327885
R,0.9267533,0.9687161,0.9832619,0.12086965,0.17498726,1.0,1.0,1.0,0.0,0.0,0.803911,0.057035577,0.32317284,-0.08335512,0.9426618
R,0.92519647,0.96973556,0.9829175,0.11614957,0.16778377,1.0,1.0,1.0,0.0,0.0,0.80480623,0.056582876,0.32049415,-0.086480044,0.94329464
R,0.9194342,0.9695992,0.98140275,0.11380904,0.16267255,1.0,1.0,1.0,0.0,0.0,0.8038504,0.067640506,0.32333678,-0.07924722,0.94295985
R,0.92159605,0.9681377,0.98761195,0.11579107,0.16117269,1.0,1.0,1.0,0.0,0.0,0.80091137,0.060671642,0.30002892,-0.07646517,0.9508605
R,0.9241298,0.9683081,0.9846421,0.11529648,0.15886617,1.0,1.0,1.0,0.0,0.0,0.80691916,0.071076006,0.31320935,-0.07711321,0.94654816
R,0.9231831,0.9686338,0.98408794,0.1207325,0.1699241,1.0,1.0,1.0,0.0,0.0,0.8097945,0.06829957,0.31759462,-0.07513363,0.94524527
R,0.9171153,0.9657943,0.9722066,0.12397272,0.17760478,1.0,1.0,1.0,0.0,0.0,0.80283916,0.07789797,0.3186843,-0.075188406,0.9448741
R,0.9160477,0.967032,0.9791685,0.12501985,0.1764683,1.0,1.0,1.0,0.0,0.0,0.8025095,0.06675311,0.31829837,-0.07393976,0.9451027
R,0.91507083,0.9683295,0.98176074,0.13322197,0.18112902,1.0,1.0,1.0,0.0,0.0,0.7990171,0.07039722,0.29883203,-0.07534185,0.951327
R,0.9208747,0.9629879,0.9814679,0.13222781,0.18212108,1.0,1.0,1.0,0.0,0.0,0.78986377,0.07223416,0.30859634,-0.0764667,0.9481146
R,0.92127746,0.9638799,0.97415966,0.12940761,0.17970341,1.0,1.0,1.0,0.0,0.0,0.78991413,0.076106586,0.3075767,-0.07824857,0.9483004
R,0.92008674,0.97139364,0.9840042,0.12700802,0.17577998,1.0,1.0,1.0,0.0,0.0,0.7924605,0.049134053,0.29191163,-0.07639076,0.9533898
R,0.91851974,0.9697136,0.9879847,0.12635502,0.17948532,1.0,1.0,1.0,0.0,0.0,0.78494674,0.04697067,0.29231805,-0.07014986,0.95374477
R,0.92156327,0.96955186,0.98933274,0.11993137,0.1672694,1.0,1.0,1.0,0.0,0.0,0.780595,0.048249032,0.30201736,-0.06839778,0.95084554
R,0.9241916,0.97052735,0.98024535,0.1255536,0.1707117,1.0,1.0,1.0,0.0,0.0,0.7895344,0.058801696,0.3014596,-0.069006205,0.95097864
R,0.9234168,0.96882224,0.983097,0.122788966,0.17640644,1.0,1.0,1.0,0.0,0.0,0.7907765,0.06062054,0.29544252,-0.074036136,0.95248747
R,0.9202721,0.96883523,0.9829231,0.12551887,0.17663953,1.0,1.0,1.0,0.0,0.0,0.7948859,0.058549922,0.29561007,-0.07402746,0.95243615
R,0.9208879,0.9677313,0.9883419,0.12514426,0.17954047,1.0,1.0,1.0,0.0,0.0,0.78733575,0.054692812,0.29683727,-0.073123395,0.9521243
R,0.92318404,0.96803254,0.9909322,0.12335892,0.1794568,1.0,1.0,1.0,0.0,0.0,0.77648443,0.050008766,0.30042112,-0.07115693,0.9511487
R,0.92236835,0.9687992,0.9931532,0.12236121,0.17879342,1.0,1.0,1.0,0.0,0.0,0.7801241,0.048732035,0.29244083,-0.07184511,0.953581
S,0.7951446,0.19004874,0.14037606,0.08691293,0.098178856,1.0,0.0,0.0,0.0,0.0,0.26686653,0.17127745,0.18941869,-0.050359573,0.9806042
S,0.74305916,0.18221681,0.12140974,0.052621506,0.05956043,1.0,0.0,0.0,0.0,0.0,0.24114773,0.13459896,0.30784792,0.00039358155,0.9514355
S,0.6679913,0.16668643,0.108424746,0.044319298,0.06421424,1.0,0.0,0.0,0.0,0.0,0.29183412,0.14346562,0.28541574,-0.022725385,0.95813435
S,0.6928878,0.16314863,0.104675926,0.04776247,0.058693703,1.0,0.0,0.0,0.0,0.0,0.30419737,0.1383861,0.27080706,-0.024983205,0.9623094
S,0.7590555,0.16176774,0.09836649,0.037583847,0.056688655,1.0,0.0,0.0,0.0,0.0,0.35130665,0.14854182,0.26542923,-0.035142563,0.96348965
S,0.7938974,0.16946092,0.10349479,0.036216985,0.0538738,1.0,0.0,0.0,0.0,0.0,0.3668064,0.14156464,0.27896068,-0.027399743,0.95991147
S,0.7666132,0.16130248,0.09588084,0.031376168,0.055637483,1.0,0.0,0.0,0.0,0.0,0.37597907,0.14696491,0.26970595,-0.029843854,0.9624801
S,0.7704835,0.15986791,0.09667004,0.030368717,0.054665726,1.0,0.0,0.0,0.0,0.0,0.37055713,0.14241382,0.27292874,-0.035118688,0.96139306
S,0.7650484,0.16047105,0.097641885,0.028314564,0.05610424,1.0,0.0,0.0,0.0,0.0,0.36720318,0.13992631,0.2755373,-0.032895394,0.9607274
S,0.7489791,0.15731855,0.09791577,0.02874128,0.060222384,1.0,0.0,0.0,0.0,0.0,0.35277906,0.1352782,0.26998436,-0.036969937,0.9621547
S,0.76078206,0.15550016,0.09507455,0.026897607,0.056562033,1.0,0.0,0.0,0.0,0.0,0.3474533,0.13577154,0.26260346,-0.04580696,0.9638159
S,0.78763103,0.15379645,0.09441611,0.028599957,0.052889686,1.0,0.0,0.0,0.0,0.0,0.36264494,0.13673902,0.25813815,-0.045840874,0.9650199
S,0.79027176,0.15281759,0.09255388,0.03049076,0.052873626,1.0,0.0,0.0,0.0,0.0,0.38035545,0.14233558,0.2564203,-0.043409236,0.96559006
S,0.7886431,0.15535218,0.093142256,0.032595657,0.055596225,1.0,0.0,0.0,0.0,0.0,0.39981553,0.14766651,0.2542438,-0.03887627,0.9663585
S,0.8025555,0.15599841,0.093617275,0.035593495,0.054525327,1.0,0.0,0.0,0.0,0.0,0.40713418,0.14619465,0.252034,-0.03711102,0.9670065
S,0.8128969,0.1558559,0.09278477,0.036318447,0.054574948,1.0,0.0,0.0,0.0,0.0,0.41029766,0.14743742,0.25499383,-0.03832218,0.96618295
S,0.7795401,0.15557036,0.08583295,0.029664293,0.053334527,1.0,0.0,0.0,0.0,0.0,0.40350926,0.15179749,0.24937457,-0.041906785,0.9674999
S,0.7729189,0.15366729,0.08650266,0.027149545,0.052102,1.0,0.0,0.0,0.0,0.0,0.40782663,0.15249485,0.25326374,-0.043200783,0.96643215
S,0.76457304,0.15477976,0.08687233,0.027687646,0.052211214,1.0,0.0,0.0,0.0,0.0,0.39931697,0.1538653,0.25101832,-0.041976556,0.9670717
S,0.78578913,0.15265407,0.086127385,0.027816635,0.059568487,1.0,0.0,0.0,0.0,0.0,0.41089356,0.15619367,0.24374084,-0.045383453,0.96877795
S,0.78262675,0.1519155,0.08785621,0.027819244,0.060204223,1.0,0.0,0.0,0.0,0.0,0.3858074,0.15494178,0.2508408,-0.038208112,0.96727407
S,0.79084,0.1588804,0.095506676,0.031472415,0.062802844,1.0,0.0,0.0,0.0,0.0,0.3897851,0.15150723,0.26626793,-0.035812832,0.96323353
S,0.7884724,0.16787529,0.10661642,0.046401963,0.06566167,1.0,0.0,0.0,0.0,0.0,0.39238927,0.14955938,0.26582482,-0.037015058,0.9633105
S,0.7819034,0.17463283,0.111276805,0.05627354,0.06961884,1.0,0.0,0.0,0.0,0.0,0.36983484,0.15288052,0.26680914,-0.028095396,0.96333975
S,0.7743859,0.17704566,0.11613792,0.052671753,0.061556585,1.0,0.0,0.0,0.0,0.0,0.32148343,0.14463782,0.28639898,-0.020920478,0.95788205
S,0.74234515,0.16107658,0.108326785,0.056120466,0.063542746,1.0,0.0,0.0,0.0,0.0,0.34001726,0.14344753,0.2706709,-0.013509707,0.96257716
S,0.77225506,0.1629567,0.10762421,0.061803296,0.07374005,1.0,0.0,0.0,0.0,0.0,0.35591233,0.14328036,0.27969852,-0.021844376,0.9598394
S,0.77956456,0.17114584,0.11169813,0.06477832,0.07674335,1.0,0.0,0.0,0.0,0.0,0.3551183,0.14265525,0.28482857,-0.027089013,0.9581956
S,0.77995354,0.17104116,0.11050895,0.060936384,0.07536083,1.0,0.0,0.0,0.0,0.0,0.36604658,0.14601655,0.2804788,-0.032439705,0.9593119
S,0.77215034,0.16677864,0.1059476,0.059032764,0.07889291,1.0,0.0,0.0,0.0,0.0,0.36020598,0.14413518,0.2851545,-0.028896654,0.9580459
S,0.7681654,0.16561978,0.10510107,0.06070331,0.08299585,1.0,0.0,0.0,0.0,0.0,0.348254,0.14510205,0.28192768,-0.030701613,0.9589443
S,0.7789548,0.16657068,0.10189611,0.05753259,0.08822708,1.0,0.0,0.0,0.0,0.0,0.3512225,0.15175311,0.2868147,-0.039090503,0.95718825
S,0.7746981,0.16341387,0.100650944,0.056180254,0.08602163,1.0,0.0,0.0,0.0,0.0,0.34757978,0.15022625,0.28721496,-0.04037572,0.95701486
S,0.7772863,0.16201918,0.098767325,0.058006242,0.08852135,1.0,0.0,0.0,0.0,0.0,0.34770942,0.14450406,0.29477662,-0.03313705,0.95499146
S,0.7727376,0.16525757,0.10015697,0.05077243,0.09042579,1.0,0.0,0.0,0.0,0.0,0.32718349,0.14235523,0.3038171,-0.045072008,0.9516637
S,0.7805128,0.161323,0.09850663,0.04941354,0.09018903,1.0,0.0,0.0,0.0,0.0,0.32130355,0.13504049,0.3073272,-0.043132953,0.95062584
S,0.7680135,0.15510091,0.09138693,0.040127356,0.088926814,1.0,0.0,0.0,0.0,0.0,0.30970195,0.14055142,0.29993,-0.038184516,0.95319664
S,0.76223505,0.1588454,0.09541092,0.044416253,0.09198916,1.0,0.0,0.0,0.0,0.0,0.30971,0.14081515,0.29382363,-0.038829867,0.9550706
S,0.78325206,0.15507329,0.094579354,0.04504532,0.091692634,1.0,0.0,0.0,0.0,0.0,0.32047755,0.13620257,0.30996585,-0.035649225,0.95007914
S,0.7873994,0.15152559,0.091651686,0.04207078,0.09762158,1.0,0.0,0.0,0.0,0.0,0.32328954,0.13718213,0.31207347,-0.036002204,0.94937557
S,0.79593855,0.15310682,0.0925996,0.043676518,0.09901626,1.0,0.0,0.0,0.0,0.0,0.33277592,0.1375091,0.31915,-0.034172226,0.94708794
S,0.7906018,0.15292355,0.09294077,0.044867948,0.09867059,1.0,0.0,0.0,0.0,0.0,0.32244208,0.13471895,0.3179072,-0.030825095,0.94762063
S,0.7935473,0.15438044,0.09428172,0.045276105,0.09858423,1.0,0.0,0.0,0.0,0.0,0.31833917,0.13362496,0.32116404,-0.027683062,0.94661885
S,0.8050115,0.16083106,0.102036856,0.053556476,0.101576425,1.0,0.0,0.0,0.0,0.0,0.329359,0.12795012,0.3233282,-0.022440609,0.9460207
S,0.79879993,0.15910278,0.0982276,0.052089423,0.097173326,1.0,0.0,0.0,0.0,0.0,0.32600823,0.13178098,0.32026136,-0.028025128,0.9469146
S,0.78710896,0.16202514,0.10350898,0.05768511,0.10012932,1.0,0.0,0.0,0.0,0.0,0.3130434,0.12854187,0.3248672,-0.02347044,0.94546837
S,0.78202546,0.1630219,0.101985365,0.05531943,0.0992699,1.0,0.0,0.0,0.0,0.0,0.31172734,0.1300846,0.3093664,-0.025541613,0.95059985
S,0.7769487,0.16343936,0.10400992,0.057410236,0.09942079,1.0,0.0,0.0,0.0,0.0,0.3103027,0.13028038,0.3125248,-0.022973297,0.94963175
S,0.7709657,0.16980273,0.10552363,0.05724119,0.09936824,1.0,0.0,0.0,0.0,0.0,0.3095726,0.13306542,0.29940468,-0.022530494,0.9538602
S,0.7626877,0.16192837,0.10079484,0.053935826,0.096212834,1.0,0.0,0.0,0.0,0.0,0.30984336,0.13219559,0.29920286,-0.01865005,0.95400727
S,0.75059444,0.16536418,0.100851364,0.05192344,0.10081123,1.0,0.0,0.0,0.0,0.0,0.29156563,0.13162811,0.3014605,-0.018678343,0.9532957
S,0.75978583,0.16703221,0.10126785,0.052840225,0.0983537,1.0,0.0,0.0,0.0,0.0,0.2912239,0.13250175,0.30351365,-0.024271214,0.9525179
S,0.75742733,0.16227382,0.09974751,0.05160423,0.09971482,1.0,0.0,0.0,0.0,0.0,0.2889458,0.13339251,0.3076088,-0.023565495,0.95122105
S,0.7597866,0.16201265,0.09871194,0.053612873,0.098314136,1.0,0.0,0.0,0.0,0.0,0.2898346,0.13564253,0.30378997,-0.027917014,0.95233
S,0.7611193,0.16111298,0.098797396,0.05642932,0.09672737,1.0,0.0,0.0,0.0,0.0,0.28716356,0.13351323,0.29887766,-0.023941519,0.953991
S,0.7759539,0.16262472,0.099891976,0.05689776,0.10153941,1.0,0.0,0.0,0.0,0.0,0.29602563,0.13556412,0.2968271,-0.022903329,0.9546566
S,0.7689863,0.15818278,0.09739081,0.053697575,0.10244719,1.0,0.0,0.0,0.0,0.0,0.29572216,0.13618721,0.29164526,-0.020877372,0.95629865
S,0.7747303,0.15417314,0.09519884,0.05881847,0.09993359,1.0,0.0,0.0,0.0,0.0,0.30369565,0.13509649,0.2904545,-0.020774534,0.95666325
S,0.78548735,0.16102591,0.10063203,0.060945857,0.09625763,1.0,0.0,0.0,0.0,0.0,0.31128454,0.13767372,0.28975233,-0.022889225,0.95682794
S,0.77719873,0.15843038,0.10013336,0.06036839,0.09823621,1.0,0.0,0.0,0.0,0.0,0.3193601,0.13771115,0.2906593,-0.022688856,0.9565576
S,0.7881422,0.16687678,0.10460523,0.062235065,0.1049123,1.0,0.0,0.0,0.0,0.0,0.3228518,0.13642366,0.29797387,-0.013929774,0.9544724
S,0.7876084,0.16680013,0.10258757,0.061285198,0.10724273,1.0,0.0,0.0,0.0,0.0,0.30366355,0.1350574,0.30107337,-0.010498697,0.9535432
S,0.7566748,0.15954432,0.09937645,0.059864003,0.10035528,1.0,0.0,0.0,0.0,0.0,0.29728168,0.13729303,0.29350933,-0.01465881,0.95584387
S,0.7591021,0.16369106,0.1019747,0.057847418,0.10018284,1.0,0.0,0.0,0.0,0.0,0.30034655,0.13969988,0.28978604,-0.01324633,0.9569998
S,0.7449529,0.1582067,0.09861011,0.05507443,0.09580063,1.0,0.0,0.0,0.0,0.0,0.2939127,0.1374926,0.28948992,-0.016894974,0.95703197
S,0.75500286,0.15644166,0.09696562,0.053595662,0.08840592,1.0,0.0,0.0,0.0,0.0,0.31057096,0.13542134,0.28665072,-0.012262917,0.9579567
S,0.7378699,0.15657078,0.096726164,0.051306345,0.07942256,1.0,0.0,0.0,0.0,0.0,0.30822656,0.13326153,0.29339612,-0.0075243567,0.95596135
S,0.7608394,0.1621936,0.099117614,0.047317337,0.07283745,1.0,0.0,0.0,0.0,0.0,0.316107,0.128229,0.29638442,-0.010887296,0.9550067
S,0.7897995,0.18426989,0.11491583,0.06655219,0.042832993,1.0,0.0,0.0,0.0,0.0,0.3136642,0.12443495,0.26464954,-0.017985225,0.9641769
S,0.79417527,0.18669918,0.118279524,0.07779526,0.030169299,1.0,0.0,0.0,0.0,0.0,0.31439006,0.12441644,0.24921498,-0.02357527,0.9681612
S,0.8097328,0.18873677,0.11578376,0.083993986,0.021958614,1.0,0.0,0.0,0.0,0.0,0.33498853,0.12640995,0.2561923,-0.031848807,0.966101
S,0.7897771,0.19578299,0.12722702,0.09738212,0.027416604,1.0,0.0,0.0,0.0,0.0,0.36459368,0.14205721,0.23663445,-0.04454003,0.9705773
S,0.79660547,0.18516904,0.119118474,0.09453619,0.028994968,1.0,0.0,0.0,0.0,0.0,0.38139758,0.1479131,0.23830712,-0.04645372,0.97007823
S,0.7855779,0.19050808,0.1272511,0.11240616,0.034677386,1.0,0.0,0.0,0.0,0.0,0.3805581,0.14870119,0.23359928,-0.043004677,0.97138155
S,0.7912028,0.20460598,0.13604644,0.11690221,0.031270728,1.0,0.0,0.0,0.0,0.0,0.37594938,0.15114643,0.22211835,-0.0427669,0.97408134
S,0.78446525,0.19850677,0.1327995,0.11358695,0.036459323,1.0,0.0,0.0,0.0,0.0,0.37852323,0.15459459,0.2137613,-0.045373216,0.9758317
S,0.79214704,0.19822048,0.12970735,0.11305598,0.03782835,1.0,0.0,0.0,0.0,0.0,0.38966465,0.15973867,0.2197939,-0.041758027,0.9746522
S,0.7958295,0.19519417,0.12798823,0.10951611,0.040576205,1.0,0.0,0.0,0.0,0.0,0.40987888,0.15718687,0.21628973,-0.039654844,0.9755236
S,0.8003566,0.20419772,0.13275418,0.11260836,0.04722155,1.0,0.0,0.0,0.0,0.0,0.40839347,0.16249722,0.21539567,-0.047325447,0.97537947
S,0.79208684,0.20258652,0.13060023,0.10229924,0.03624338,1.0,0.0,0.0,0.0,0.0,0.40567806,0.16018535,0.21693747,-0.04220967,0.9752725
S,0.78579515,0.2087569,0.13613027,0.10379869,0.03910967,1.0,0.0,0.0,0.0,0.0,0.400591,0.1619581,0.22683765,-0.044958133,0.9728944
S,0.7966249,0.19553427,0.12750615,0.09000555,0.025422385,1.0,0.0,0.0,0.0,0.0,0.41389033,0.16275838,0.22568537,-0.038749725,0.97342926
S,0.81004906,0.20010597,0.13053024,0.09391102,0.01290301,1.0,0.0,0.0,0.0,0.0,0.40229282,0.16181125,0.22134915,-0.042426646,0.97427124
S,0.8128951,0.19748914,0.12658688,0.09129852,0.014273217,1.0,0.0,0.0,0.0,0.0,0.40876475,0.16371934,0.21805257,-0.0413759,0.97505957
S,0.8169839,0.2005196,0.12582377,0.09111418,0.014785482,1.0,0.0,0.0,0.0,0.0,0.41122553,0.16539179,0.21310875,-0.039919697,0.9762126
S,0.8157257,0.20060758,0.12590057,0.090791896,0.009704782,1.0,0.0,0.0,0.0,0.0,0.4131562,0.16686785,0.20916674,-0.047067992,0.9767466
S,0.81339884,0.19209887,0.12046397,0.08173887,0.0061447807,1.0,0.0,0.0,0.0,0.0,0.42159492,0.17277294,0.2227173,-0.047153838,0.973742
S,0.8107429,0.19798031,0.12662168,0.08951553,0.012640982,1.0,0.0,0.0,0.0,0.0,0.42490938,0.17091274,0.21921845,-0.049448635,0.9744219
S,0.8079831,0.20633557,0.12924847,0.090646274,0.0147715835,1.0,0.0,0.0,0.0,0.0,0.41755608,0.17129944,0.2203661,-0.048441086,0.97421366
S,0.80044323,0.20571166,0.13021603,0.09232615,0.026773684,1.0,0.0,0.0,0.0,0.0,0.41521597,0.17024876,0.20884685,-0.05178196,0.9765765
S,0.80743563,0.20681046,0.12813962,0.08696202,0.017895788,1.0,0.0,0.0,0.0,0.0,0.42298737,0.17174935,0.20628203,-0.051840283,0.9771184
S,0.80804056,0.21154979,0.13135077,0.09307863,0.02065992,1.0,0.0,0.0,0.0,0.0,0.40646505,0.16868122,0.2079731,-0.052157257,0.9767429
S,0.8135657,0.21375892,0.13613392,0.09549416,0.01773332,1.0,0.0,0.0,0.0,0.0,0.4063258,0.16478115,0.21053432,-0.049070057,0.9763542
S,0.8046197,0.22122543,0.13814022,0.09693614,0.0158877,1.0,0.0,0.0,0.0,0.0,0.38190907,0.16439295,0.21395963,-0.04675091,0.9757231
S,0.8040716,0.2144641,0.13506691,0.091775276,0.0046472154,1.0,0.0,0.0,0.0,0.0,0.39239284,0.16712873,0.21972705,-0.047020417,0.9744276
S,0.79435647,0.21787843,0.13593301,0.087166205,0.0038965074,1.0,0.0,0.0,0.0,0.0,0.38457558,0.16752504,0.22527353,-0.04736262,0.9731437
S,0.7880455,0.21261612,0.13119578,0.08728715,0.005519289,1.0,0.0,0.0,0.0,0.0,0.38757885,0.16766022,0.22005244,-0.05374897,0.9740062
S,0.7878704,0.21411343,0.1368213,0.09062311,0.0059723225,1.0,0.0,0.0,0.0,0.0,0.3793026,0.1621932,0.22633366,-0.04477584,0.97302014
S,0.78394556,0.20585015,0.1313802,0.08429881,0.008815071,1.0,0.0,0.0,0.0,0.0,0.37520462,0.16147596,0.22152981,-0.047901727,0.9739764
S,0.7943802,0.21113676,0.13735813,0.09368426,0.017861992,1.0,0.0,0.0,0.0,0.0,0.3703784,0.16034628,0.22165392,-0.047012664,0.97399145
G,0.8088735,0.99268,0.19290027,0.15396026,0.11130804,0.0,0.0,0.0,0.0,0.0,0.6462166,1.0159233,0.41632935,-0.025474375,-0.908857
G,0.8667752,0.9895438,0.25298342,0.2543073,0.18096684,0.0,0.0,0.0,0.0,0.0,0.5154212,0.8610808,0.28914452,-0.0406937,-0.9564201
G,0.81416225,0.9639945,0.24885443,0.26085693,0.18672942,0.0,0.0,0.0,0.0,0.0,0.5585031,0.8358639,0.37051815,-0.08753143,-0.9246916
G,0.7925274,0.9576153,0.29320917,0.31137353,0.20135763,0.0,0.0,0.0,0.0,0.0,0.59733486,0.8552672,0.35196683,-0.091944106,-0.9314858
G,0.78462136,0.96874976,0.32027552,0.31358683,0.22634244,0.0,0.0,0.0,0.0,0.0,0.5510019,0.7973007,0.28666663,-0.1035791,-0.95241463
G,0.75830436,0.9744124,0.31541345,0.33570075,0.25725016,0.0,0.0,0.0,0.0,0.0,0.5560402,0.7855316,0.2881462,-0.10038626,-0.95230997
G,0.7700389,0.96575755,0.2940924,0.32371816,0.25337943,0.0,0.0,0.0,0.0,0.0,0.58455783,0.7915832,0.25970337,-0.090355225,-0.96145207
G,0.77302676,0.969703,0.3349386,0.33989635,0.23817292,0.0,0.0,0.0,0.0,0.0,0.59919894,0.8309487,0.2953727,-0.1009292,-0.9500359
G,0.7652331,0.97125363,0.34181714,0.35278362,0.23768763,0.0,0.0,0.0,0.0,0.0,0.6469001,0.84419656,0.3062148,-0.10921295,-0.945677
G,0.76747674,0.96096814,0.33533087,0.34581584,0.23925193,0.0,0.0,0.0,0.0,0.0,0.683808,0.85544854,0.31351778,-0.11045277,-0.94313663
G,0.7598564,0.96137583,0.33193937,0.33657357,0.2321302,0.0,0.0,0.0,0.0,0.0,0.6894394,0.8648382,0.31371263,-0.105289824,-0.9436623
G,0.77644455,0.9690984,0.3128856,0.31758806,0.21924548,0.0,0.0,0.0,0.0,0.0,0.6508741,0.8599263,0.32635397,-0.10408086,-0.9395
G,0.7723691,0.965896,0.29586226,0.28500804,0.19526392,0.0,0.0,0.0,0.0,0.0,0.622913,0.8748754,0.3404672,-0.09524376,-0.9354201
G,0.77120537,0.9701467,0.2774416,0.2678538,0.19102268,0.0,0.0,0.0,0.0,0.0,0.62206024,0.8732921,0.3642028,-0.097321145,-0.92622083
G,0.76230717,0.9641783,0.26850492,0.25486112,0.18482699,0.0,0.0,0.0,0.0,0.0,0.6282307,0.8737462,0.36429062,-0.09992589,-0.9259088
G,0.76896775,0.9738619,0.26584056,0.25430965,0.18546906,0.0,0.0,0.0,0.0,0.0,0.6139879,0.8650254,0.37305242,-0.094037056,-0.9230324
G,0.77596754,0.9731132,0.25200352,0.23454636,0.17459124,0.0,0.0,0.0,0.0,0.0,0.5945319,0.8725602,0.39309946,-0.098545484,-0.91419995
G,0.7821882,0.97708076,0.24270041,0.22640048,0.16708218,0.0,0.0,0.0,0.0,0.0,0.58693194,0.8731532,0.40136024,-0.09651498,-0.910821
G,0.7961747,0.9802567,0.24576065,0.22602135,0.16049872,0.0,0.0,0.0,0.0,0.0,0.58085823,0.8824301,0.41449463,-0.095611095,-0.9050153
G,0.78587234,0.97464305,0.24713719,0.23061395,0.16374098,0.0,0.0,0.0,0.0,0.0,0.5977697,0.8817417,0.41599828,-0.10464336,-0.90332454
G,0.7945511,0.97535294,0.24883811,0.23209356,0.16063383,0.0,0.0,0.0,0.0,0.0,0.60344696,0.87252766,0.42326152,-0.11345568,-0.89887565
G,0.81640935,0.9694248,0.22937827,0.22324674,0.16335769,0.0,0.0,0.0,0.0,0.0,0.66310924,0.8790886,0.43437445,-0.13002011,-0.89129883
G,0.8010068,0.97728616,0.2365551,0.21726607,0.15151115,0.0,0.0,0.0,0.0,0.0,0.58405244,0.8588161,0.44637042,-0.12153771,-0.88655627
G,0.80301464,0.97271603,0.24296324,0.2201826,0.14422745,0.0,0.0,0.0,0.0,0.0,0.5891642,0.8756811,0.43807033,-0.1277023,-0.8898239
G,0.81347024,0.9747068,0.24464728,0.2188526,0.14220092,0.0,0.0,0.0,0.0,0.0,0.57497686,0.9055837,0.4508661,-0.120686315,-0.884395
G,0.8402342,0.9756215,0.24768028,0.21963245,0.13779327,0.0,0.0,0.0,0.0,0.0,0.5398958,0.90622556,0.44547376,-0.115983374,-0.88775045
G,0.81798244,0.9817508,0.25158757,0.21417668,0.13279347,0.0,0.0,0.0,0.0,0.0,0.5938421,0.93311274,0.4388398,-0.11815631,-0.890763
G,0.82402974,0.9575471,0.2767869,0.23640299,0.1371357,0.0,0.0,0.0,0.0,0.0,0.5705923,0.91435397,0.39288223,-0.105638586,-0.913501
G,0.87275106,0.96350014,0.2850834,0.25437704,0.15475398,0.0,0.0,0.0,0.0,0.0,0.55850476,0.9287972,0.3847508,-0.095950544,-0.9180198
G,0.9130013,0.9583958,0.3031067,0.2760747,0.17355537,0.0,0.0,0.0,0.0,0.0,0.52648795,0.92033166,0.33184007,-0.07736331,-0.94015795
G,0.88442296,0.95179516,0.33119264,0.30331853,0.18712299,0.0,0.0,0.0,0.0,0.0,0.54993033,0.9131538,0.26384106,-0.078349985,-0.96137875
G,0.8035843,0.9601344,0.3696552,0.35528597,0.24417907,0.0,0.0,0.0,0.0,0.0,0.6317715,0.92871654,0.2237807,-0.07953991,-0.9713884
G,0.7885212,0.9645006,0.37328315,0.36511615,0.2525815,0.0,0.0,0.0,0.0,0.0,0.6709757,0.9411007,0.21352611,-0.065479934,-0.9747405
G,0.7775327,0.9538168,0.3703089,0.37951308,0.26811603,0.0,1.0,0.0,0.0,0.0,0.6767341,0.93892276,0.21278314,-0.065178886,-0.9749231
G,0.7902348,0.9555993,0.3647771,0.36670765,0.23580477,0.0,1.0,0.0,0.0,0.0,0.66516155,0.93288684,0.21750624,-0.058773674,-0.97428775
G,0.7813655,0.9624753,0.37457216,0.3909679,0.2770521,0.0,0.0,0.0,0.0,0.0,0.6451443,0.90268505,0.19480576,-0.06297969,-0.9788178
G,0.7915578,0.9497567,0.36772436,0.39863592,0.28043082,0.0,1.0,0.0,0.0,0.0,0.66002345,0.9241739,0.19210835,-0.055498313,-0.9798032
G,0.78358835,0.9686267,0.3707803,0.39938623,0.2795507,0.0,1.0,0.0,0.0,0.0,0.6857574,0.90623885,0.1946214,-0.0585965,-0.97912663
G,0.7655436,0.96141845,0.37019575,0.40398082,0.29163036,0.0,1.0,0.0,0.0,0.0,0.7030071,0.9232351,0.19907752,-0.061965864,-0.9780227
G,0.7740189,0.96648425,0.37969548,0.41877857,0.31506777,0.0,0.0,0.0,0.0,0.0,0.7076196,0.91676855,0.19491842,-0.0632916,-0.9787753
G,0.754854,0.9735341,0.3459183,0.3783724,0.3020029,0.0,1.0,0.0,0.0,0.0,0.7042558,0.91572565,0.1812444,-0.062647484,-0.98144066
G,0.7583658,0.97557765,0.3179431,0.34032422,0.30319092,0.0,1.0,0.0,0.0,0.0,0.7717524,0.9164716,0.15755832,-0.05959178,-0.98570997
G,0.749974,0.9918648,0.28891438,0.3151182,0.3190084,0.0,1.0,0.0,0.0,0.0,0.7681799,0.89986527,0.14639191,-0.060507067,-0.9873744
G,0.7688941,0.9891075,0.25254816,0.28375584,0.3372069,0.0,0.0,0.0,0.0,0.0,0.7302253,0.90365493,0.14565651,-0.071137935,-0.9867743
G,0.75931793,0.98034096,0.22929479,0.26633477,0.34361413,0.0,1.0,0.0,0.0,0.0,0.67315656,0.8870088,0.11539219,-0.039485518,-0.99253494
G,0.7346755,0.97563094,0.24666949,0.30424792,0.37332734,0.0,1.0,0.0,0.0,0.0,0.6512594,0.90200275,0.11235662,-0.031089542,-0.99318147
G,0.7542941,0.9731981,0.21952148,0.2635503,0.33932564,0.0,1.0,0.0,0.0,0.0,0.51003635,0.89728487,0.10589843,-0.015767006,-0.9942519
G,0.75054944,0.94909513,0.2428283,0.28601533,0.35313708,0.0,1.0,0.0,0.0,0.0,0.52464736,0.8888602,0.07541786,0.009978134,-0.99710214
G,0.7379329,0.9417141,0.22974274,0.2729845,0.33503804,0.0,1.0,0.0,0.0,0.0,0.5336539,0.86550087,0.09975275,0.0041876016,-0.9950034
G,0.8382362,0.9463558,0.24318689,0.2859629,0.35338867,1.0,1.0,0.0,0.0,0.0,0.5280226,0.8926306,0.06647448,0.022684865,-0.99753016
G,0.8375413,0.94051945,0.31400648,0.3267757,0.3824463,1.0,1.0,0.0,0.0,0.0,0.5437772,0.851208,0.019798825,0.023233443,-0.999534
G,0.8341285,0.9357762,0.29993254,0.32312807,0.36826184,1.0,1.0,0.0,0.0,0.0,0.5362758,0.86118823,0.046987563,0.029438112,-0.9984616
G,0.8258392,0.9260697,0.2653931,0.3106405,0.37473533,1.0,1.0,0.0,0.0,0.0,0.5706874,0.87821007,0.06810582,0.031363502,-0.99718505
G,0.8282748,0.9305572,0.31432894,0.340747,0.3928674,1.0,1.0,0.0,0.0,0.0,0.55856127,0.85873556,0.014286839,0.04269018,-0.9989862
G,0.84989005,0.9438676,0.3054246,0.33297014,0.39847794,1.0,1.0,0.0,0.0,0.0,0.5537613,0.88134444,0.048100244,0.059586793,-0.99706364
G,0.90894693,0.9140065,0.311912,0.3355342,0.39523765,1.0,0.0,0.0,0.0,0.0,0.58821684,0.9078268,0.04275156,0.060647715,-0.99724334
G,0.91836315,0.9063088,0.28701073,0.330166,0.3983753,1.0,0.0,0.0,0.0,0.0,0.57982284,0.9072028,0.054393336,0.048515264,-0.99734026
G,0.91998523,0.92806137,0.30854815,0.32933956,0.39864597,1.0,1.0,0.0,0.0,0.0,0.5402305,0.89861923,0.040015236,0.05479928,-0.99769527
G,0.8780924,0.93942904,0.29628792,0.33440685,0.4044095,1.0,1.0,0.0,0.0,0.0,0.52154064,0.92278636,0.057540238,0.047278933,-0.9972231
G,0.75064594,0.9455439,0.31148827,0.3478831,0.41700572,0.0,1.0,0.0,0.0,0.0,0.56938934,0.9142923,0.060013887,0.045659132,-0.9971527
G,0.7853402,0.9478611,0.3212133,0.35352403,0.43643248,0.0,1.0,0.0,0.0,0.0,0.60314107,0.91074145,0.047770664,0.058834836,-0.9971241
G,0.74061495,0.94807196,0.35009328,0.37263542,0.45438102,0.0,1.0,0.0,0.0,0.0,0.6471288,0.8904452,0.045156676,0.044455767,-0.99799025
G,0.70188135,0.9518026,0.34250963,0.379068,0.46722102,0.0,1.0,0.0,0.0,0.0,0.6902477,0.8918241,0.032488834,0.034385245,-0.99888045
G,0.6833615,0.94788134,0.35154232,0.37947994,0.4679289,0.0,1.0,0.0,0.0,0.0,0.72420686,0.89625037,0.015696967,0.037222736,-0.9991837
G,0.6799536,0.9541364,0.3483512,0.38224545,0.47160864,0.0,1.0,0.0,0.0,0.0,0.7329356,0.90257627,0.024905669,0.032635216,-0.999157
G,0.68662757,0.96048355,0.32006037,0.36461303,0.45494613,0.0,1.0,0.0,0.0,0.0,0.7373814,0.9200678,0.046546213,0.030246783,-0.9984581
G,0.7137158,0.9650916,0.31749243,0.35713473,0.44077086,0.0,1.0,0.0,0.0,0.0,0.71246475,0.91802055,0.04214061,0.034952916,-0.99850005
G,0.734375,0.9613251,0.3038829,0.34787086,0.43008295,0.0,1.0,0.0,0.0,0.0,0.69236404,0.9292583,0.054997258,0.032692797,-0.99795115
G,0.73797786,0.9626641,0.29256344,0.33694836,0.4265655,0.0,1.0,0.0,0.0,0.0,0.6931129,0.92884135,0.054065425,0.023928506,-0.99825066
G,0.772237,0.9591516,0.3003728,0.34158424,0.43220782,0.0,1.0,0.0,0.0,0.0,0.658978,0.92761165,0.041858982,0.03104851,-0.998641
G,0.7381129,0.9585367,0.29491767,0.33758038,0.43223774,0.0,1.0,0.0,0.0,0.0,0.68890405,0.9219114,0.041715104,0.02648985,-0.99877834
G,0.7106599,0.9630715,0.28756577,0.3321228,0.4256612,0.0,1.0,0.0,0.0,0.0,0.719852,0.93053013,0.04040308,0.018912718,-0.9990044
G,0.728849,0.95802516,0.27798066,0.32581368,0.42080843,0.0,1.0,0.0,0.0,0.0,0.6966945,0.9283139,0.052532528,0.025328917,-0.998298
G,0.73265857,0.96231335,0.26044747,0.31477475,0.42368963,0.0,1.0,0.0,0.0,0.0,0.74324775,0.92065364,0.0571729,0.01907514,-0.998182
G,0.7283309,0.9652787,0.26438403,0.322579,0.4286642,0.0,1.0,0.0,0.0,0.0,0.74704504,0.91658473,0.054679602,0.018844027,-0.9983261
G,0.7247036,0.9708102,0.24694596,0.31410584,0.43124947,0.0,1.0,0.0,0.0,0.0,0.7821573,0.9419215,0.05394881,0.009122933,-0.9985021
G,0.7161193,0.9733826,0.23908144,0.30529746,0.42595384,0.0,1.0,0.0,0.0,0.0,0.80477375,0.95242107,0.055187657,0.001883658,-0.9984742
G,0.70663273,0.97268814,0.23813035,0.3017457,0.41319612,0.0,1.0,0.0,0.0,0.0,0.78186435,0.9486007,0.064192995,0.0032592304,-0.9979322
G,0.7271802,0.9685356,0.21772328,0.29243827,0.40213475,0.0,1.0,0.0,0.0,0.0,0.78546363,0.9408751,0.078393266,-0.00053431175,-0.9969223
G,0.7229419,0.9715752,0.22913156,0.28786984,0.39227623,0.0,1.0,0.0,0.0,0.0,0.7515347,0.92237765,0.077751055,0.0070256535,-0.99694806
G,0.7268889,0.9748852,0.22318555,0.29335546,0.3938671,0.0,1.0,0.0,0.0,0.0,0.7580373,0.9466734,0.09702728,0.007150151,-0.99525607
G,0.7273714,0.97868156,0.22027577,0.2903911,0.39530262,0.0,1.0,0.0,0.0,0.0,0.7693624,0.95832306,0.09988929,0.002908137,-0.9949943
G,0.7296169,0.9759184,0.20866208,0.28092372,0.38627547,0.0,1.0,0.0,0.0,0.0,0.7607764,0.9396947,0.098018296,0.0043227063,-0.9951752
G,0.73414046,0.97161055,0.22268553,0.2851969,0.38125843,0.0,1.0,0.0,0.0,0.0,0.75932014,0.9510119,0.1101587,0.009772216,-0.99386597
G,0.7392455,0.9707798,0.21565633,0.28399906,0.3863598,0.0,1.0,0.0,0.0,0.0,0.7752899,0.95856905,0.123570554,0.009013406,-0.99229485
G,0.74389917,0.96961457,0.21036445,0.2715557,0.36973616,0.0,1.0,0.0,0.0,0.0,0.7546547,0.961107,0.1445994,0.011301242,-0.9894257
G,0.7479204,0.9694055,0.18591435,0.24971105,0.3414924,0.0,0.0,0.0,0.0,0.0,0.7477635,0.9629086,0.21706787,0.0035933596,-0.9761499
G,0.76168436,0.97013617,0.17007427,0.24706317,0.34061053,0.0,0.0,0.0,0.0,0.0,0.7688317,0.97917795,0.22615454,0.0049594454,-0.9740788
G,0.7521915,0.9742957,0.1653288,0.2468618,0.3304478,0.0,0.0,1.0,0.0,0.0,0.7650298,0.98054653,0.2561048,-0.0031297402,-0.9666439
G,0.75854236,0.97839457,0.14683105,0.23875248,0.32525644,0.0,0.0,1.0,0.0,0.0,0.77368975,0.97516346,0.26908445,-0.008685872,-0.9630774
G,0.76610774,0.9757912,0.14988415,0.23894204,0.32132018,0.0,0.0,1.0,0.0,1.0,0.7870393,1.0078983,0.29450122,-0.00030542034,-0.95565104
G,0.77769136,0.977707,0.14618875,0.23573183,0.31391764,0.0,0.0,1.0,0.0,1.0,0.77943707,1.0094639,0.29203266,0.003313839,-0.9564026
G,0.7733577,0.9793819,0.13082036,0.23202659,0.31411147,0.0,0.0,1.0,0.0,1.0,0.76354367,1.0087157,0.30050203,0.00517133,-0.9537671
G,0.77268904,0.9818324,0.1256663,0.22813943,0.30999726,0.0,0.0,1.0,1.0,1.0,0.7622543,1.0035282,0.30510226,0.0035004113,-0.9523132
G,0.78034586,0.9804204,0.12105429,0.2232119,0.3069022,0.0,0.0,1.0,0.0,1.0,0.73720574,1.0004948,0.30688938,0.0012679202,-0.9517443
G,0.7819297,0.9805604,0.122610085,0.2191378,0.30223295,0.0,0.0,1.0,0.0,1.0,0.737113,1.0075465,0.3039703,0.00455567,-0.9526706
G,0.7832654,0.9793129,0.124536544,0.22189426,0.30765122,0.0,0.0,1.0,1.0,1.0,0.7333141,1.0025399,0.3038029,0.0042266115,-0.95272547
G,0.7853312,0.97831947,0.13232486,0.22219373,0.30858517,0.0,0.0,1.0,1.0,1.0,0.74414843,1.0060656,0.29859987,0.0048274775,-0.95436615
G,0.77375275,0.9799048,0.14367378,0.22978172,0.31919712,0.0,0.0,1.0,1.0,1.0,0.71995664,0.9840878,0.2912693,0.0051234565,-0.95662737
G,0.7734582,0.98243266,0.14125317,0.22600287,0.31987178,0.0,0.0,1.0,1.0,1.0,0.7340699,0.988142,0.2778986,-0.00016007992,-0.96061045
H,0.89908206,0.49276838,0.5242965,0.64120495,0.72533053,1.0,0.0,0.0,0.0,0.0,0.25471485,0.19367929,0.7435529,-0.16269502,-0.6485826
H,0.8971217,0.5565069,0.5631281,0.55493104,0.6823966,1.0,1.0,1.0,0.0,0.0,0.18380347,0.05977037,0.59544003,-0.11533059,-0.7950786
H,0.8133465,0.43518233,0.47355202,0.48221615,0.59759814,1.0,0.0,0.0,0.0,0.0,0.18441081,0.12651755,0.5825045,-0.097911425,-0.8069088
H,0.84308356,0.39169237,0.4308445,0.44297203,0.59496135,1.0,0.0,0.0,0.0,0.0,0.1572902,0.06727938,0.51299125,-0.044451006,-0.8572421
H,0.84547085,0.48349848,0.51675355,0.43641496,0.57121223,1.0,0.0,1.0,0.0,0.0,0.1761101,0.07889722,0.4809182,-0.029987928,-0.8762524
H,0.88993084,0.54249525,0.49459782,0.43212447,0.58890456,1.0,0.0,0.0,0.0,0.0,0.15728758,0.0996378,0.46497706,-0.026288683,-0.8849323
H,0.8459278,0.6359682,0.60792476,0.5890457,0.6536692,1.0,0.0,0.0,0.0,0.0,0.39375252,0.4169706,0.8773267,-0.12364812,0.46369067
H,0.90277064,0.6252039,0.6333974,0.58860046,0.6725117,1.0,0.0,0.0,0.0,0.0,0.38725027,0.28558952,0.92056984,-0.09827929,0.37801102
H,0.91674954,0.6843725,0.71438664,0.7129882,0.7018782,1.0,0.0,0.0,0.0,0.0,0.42241576,0.18275374,0.841132,-0.11859249,0.52766734
H,0.8006489,0.9744955,0.9288674,0.27638832,0.2143095,0.0,1.0,1.0,0.0,0.0,0.7738659,0.35252714,0.21640863,-0.015651539,-0.97617745
H,0.8067716,0.98449993,0.97492844,0.056277312,0.227592,0.0,1.0,1.0,1.0,1.0,0.9224862,0.3561179,0.36652595,-0.077522494,-0.9271726
H,0.80778724,0.9717429,0.9647202,0.14248694,0.30495095,0.0,0.0,1.0,1.0,1.0,0.88547444,0.40624407,0.43392593,-0.06323855,-0.89872646
H,0.7911624,0.96658355,0.95458037,0.11039642,0.2843488,0.0,0.0,1.0,1.0,1.0,0.87251765,0.38033754,0.4374246,-0.05690275,-0.89745295
H,0.78683954,0.96978927,0.97306556,0.10410699,0.26243713,0.0,1.0,1.0,1.0,1.0,0.8677746,0.3623496,0.41937295,-0.06684634,-0.90534955
H,0.79446703,0.97341734,0.96816695,0.10095538,0.24358244,0.0,0.0,1.0,0.0,1.0,0.81464696,0.33458307,0.42201048,-0.08543941,-0.90255594
H,0.8014707,0.9823421,0.9813713,0.16347899,0.29333907,0.0,0.0,1.0,1.0,1.0,0.7374519,0.28115323,0.37794647,-0.105590664,-0.9197865
H,0.7887698,0.9815604,0.97835606,0.16513866,0.28506607,0.0,0.0,1.0,0.0,0.0,0.71506757,0.25686204,0.32849947,-0.10499499,-0.9386502
H,0.7891108,0.9766694,0.9490026,0.1895752,0.29973924,0.0,1.0,1.0,0.0,0.0,0.745359,0.2597282,0.28774953,-0.11977502,-0.9501864
H,0.7960967,0.972769,0.9395847,0.20967832,0.31464693,0.0,1.0,1.0,0.0,0.0,0.76566505,0.25930813,0.30477223,-0.12542729,-0.94413024
H,0.7898182,0.98307556,0.94805074,0.21476921,0.3244803,0.0,0.0,1.0,0.0,0.0,0.7255956,0.24838492,0.2613983,-0.118759036,-0.9578973
H,0.79447275,0.9800196,0.94735426,0.2149682,0.32902765,0.0,0.0,1.0,0.0,0.0,0.73748875,0.25079566,0.22369857,-0.12133324,-0.9670766
H,0.7964138,0.9797612,0.94969785,0.20509997,0.32790083,0.0,0.0,1.0,0.0,0.0,0.7483516,0.24800934,0.20392574,-0.117412016,-0.97192013
H,0.80327296,0.9787833,0.9552372,0.19172604,0.3157306,0.0,0.0,1.0,0.0,0.0,0.73418134,0.24487971,0.21127473,-0.09636064,-0.9726652
H,0.8060823,0.97759205,0.9599352,0.21569374,0.335931,0.0,0.0,1.0,0.0,0.0,0.72149515,0.2624389,0.19265206,-0.08953304,-0.97717404
H,0.80411977,0.97851974,0.9527621,0.20107578,0.3317758,0.0,0.0,1.0,1.0,0.0,0.72949564,0.25211552,0.18709923,-0.08761559,-0.9784259
H,0.8139408,0.97984433,0.94685566,0.18803702,0.32645077,0.0,0.0,1.0,0.0,0.0,0.7429016,0.24709022,0.15909159,-0.08034332,-0.9839892
H,0.8083022,0.97828466,0.9494525,0.19185981,0.33311123,0.0,0.0,1.0,1.0,0.0,0.76586413,0.27277982,0.14513864,-0.0776134,-0.9863624
H,0.81834465,0.978615,0.9529674,0.17036082,0.32007313,0.0,0.0,1.0,1.0,0.0,0.7570557,0.26362643,0.14436461,-0.071660995,-0.9869263
H,0.8110729,0.978249,0.9523076,0.14808221,0.30293506,0.0,0.0,1.0,1.0,0.0,0.7569753,0.24093895,0.14012621,-0.07290249,-0.9874461
H,0.81508934,0.9794315,0.95800585,0.14372666,0.29740363,0.0,0.0,1.0,1.0,0.0,0.7456888,0.23828126,0.14056765,-0.08404233,-0.98649764
H,0.8245788,0.9752468,0.95962393,0.15472157,0.3101037,0.0,0.0,1.0,1.0,1.0,0.7415408,0.2490285,0.1350235,-0.078776695,-0.9877058
H,0.8186237,0.97394687,0.9592341,0.16032514,0.31350714,0.0,0.0,1.0,1.0,1.0,0.7392716,0.27320337,0.14149387,-0.072844625,-0.98725533
H,0.8181117,0.9780736,0.95902705,0.17233008,0.3246196,0.0,0.0,1.0,1.0,1.0,0.73886436,0.26986507,0.15513735,-0.06799119,-0.98555046
H,0.83178526,0.9787773,0.96236384,0.1976312,0.35698253,0.0,0.0,1.0,1.0,1.0,0.7359356,0.28114882,0.14467649,-0.05430442,-0.98798776
H,0.83610094,0.9768225,0.9585406,0.19265981,0.35079497,0.0,0.0,1.0,1.0,1.0,0.75771344,0.312885,0.18237033,-0.07680716,-0.9802253
H,0.8452068,0.9808029,0.95977604,0.17070724,0.32989842,0.0,0.0,1.0,1.0,1.0,0.7813551,0.2984197,0.18656093,-0.08785192,-0.9785076
H,0.8406942,0.97740483,0.94566506,0.20421968,0.36350307,0.0,0.0,1.0,1.0,1.0,0.77895284,0.27928135,0.14805573,-0.07163147,-0.98638153
H,0.8347606,0.97932947,0.9523898,0.1948232,0.35534704,0.0,0.0,1.0,1.0,1.0,0.79341465,0.29494235,0.15592733,-0.079890236,-0.98453254
H,0.84299785,0.9782033,0.94906795,0.19381651,0.34782645,0.0,0.0,1.0,1.0,1.0,0.78101003,0.28464553,0.16336928,-0.07603854,-0.98363036
H,0.8400971,0.9816853,0.9606406,0.21920569,0.3873293,0.0,0.0,1.0,1.0,1.0,0.77776647,0.29073632,0.1401509,-0.07333166,-0.98741084
H,0.8413543,0.98278004,0.95884335,0.22234453,0.39591104,0.0,0.0,1.0,1.0,1.0,0.780462,0.29768306,0.13097624,-0.07192394,-0.9887731
H,0.8439257,0.97967535,0.95273715,0.22496703,0.39919105,0.0,0.0,1.0,1.0,1.0,0.78246397,0.30163652,0.14500384,-0.06634072,-0.98720455
H,0.84549797,0.9747671,0.9531802,0.2173993,0.3973783,0.0,0.0,1.0,1.0,1.0,0.7787651,0.29782516,0.14009297,-0.04700189,-0.9890222
H,0.84473366,0.9764561,0.9504016,0.22774425,0.40081814,0.0,0.0,1.0,1.0,1.0,0.7861273,0.2850906,0.13117023,-0.063394144,-0.9893309
H,0.8459054,0.9723609,0.94124764,0.21909618,0.3944629,0.0,0.0,1.0,1.0,1.0,0.7775541,0.29182398,0.13631816,-0.059959505,-0.988849
H,0.85017025,0.9736897,0.9505252,0.21076104,0.3932479,0.0,0.0,1.0,1.0,1.0,0.7651312,0.3021927,0.13354547,-0.056314953,-0.9894414
H,0.84702975,0.973192,0.94307953,0.22358893,0.39821455,0.0,0.0,1.0,1.0,1.0,0.76847327,0.28106236,0.16670479,-0.07515253,-0.9831386
H,0.84292984,0.9753596,0.9442748,0.22156525,0.389735,0.0,0.0,1.0,1.0,1.0,0.7696235,0.27475613,0.17821005,-0.082480505,-0.98052955
H,0.8442531,0.9744919,0.94334763,0.21795946,0.38609204,0.0,0.0,1.0,1.0,1.0,0.76648295,0.27382725,0.17187804,-0.08321254,-0.98159754
H,0.8514466,0.9743652,0.9496037,0.23222719,0.39836854,0.0,0.0,1.0,1.0,1.0,0.7521481,0.28082508,0.16079557,-0.08269257,-0.9835175
H,0.847969,0.9741096,0.9479504,0.22100316,0.3921322,0.0,0.0,1.0,1.0,1.0,0.7500052,0.27618983,0.16802984,-0.07897389,-0.98261344
H,0.8474728,0.9718791,0.94199896,0.21593425,0.39052638,0.0,0.0,1.0,1.0,1.0,0.74770355,0.2815806,0.15441939,-0.07128856,-0.9854301
H,0.8461089,0.97121704,0.9346304,0.22064115,0.38942865,0.0,0.0,1.0,1.0,1.0,0.75415385,0.27727798,0.16354433,-0.08758745,-0.98264015
H,0.8497123,0.9743814,0.9406575,0.23998249,0.4087672,0.0,0.0,1.0,1.0,1.0,0.7538882,0.2762932,0.14842086,-0.09232663,-0.9846051
H,0.8415647,0.9745979,0.9448819,0.24114695,0.40738407,0.0,0.0,1.0,1.0,1.0,0.775299,0.28037417,0.1610459,-0.10229206,-0.9816316
H,0.8396051,0.97541416,0.94557637,0.23788813,0.40511718,0.0,0.0,1.0,1.0,1.0,0.77642804,0.28171965,0.15619463,-0.101696245,-0.982477
H,0.8426922,0.9747513,0.94582355,0.2510426,0.41762474,0.0,0.0,1.0,1.0,1.0,0.75907487,0.28442508,0.15269834,-0.10357739,-0.9828301
H,0.8434623,0.9741959,0.94826734,0.2533079,0.42086673,0.0,0.0,1.0,1.0,1.0,0.76353914,0.2903882,0.1580121,-0.099977784,-0.9823627
H,0.83852,0.97421986,0.9438776,0.25125462,0.41907722,0.0,0.0,1.0,1.0,1.0,0.7632569,0.2904701,0.15148012,-0.10018963,-0.9833695
H,0.84208745,0.9703124,0.94577825,0.25100613,0.4199102,0.0,0.0,1.0,1.0,1.0,0.7633084,0.2921053,0.15723582,-0.10260551,-0.98221636
H,0.8450438,0.9740723,0.94036585,0.26327384,0.42932743,0.0,0.0,1.0,1.0,1.0,0.7645717,0.28862754,0.15261914,-0.09473647,-0.9837339
H,0.8479168,0.97667503,0.9453322,0.2542537,0.4221531,0.0,0.0,1.0,1.0,1.0,0.76072055,0.2803751,0.1621426,-0.09854471,-0.98183435
H,0.8436967,0.97904664,0.9495649,0.23710991,0.41042495,0.0,0.0,0.0,1.0,1.0,0.7686179,0.28320435,0.17190269,-0.09502992,-0.98051965
H,0.8445496,0.9745671,0.9426118,0.2353236,0.40700904,0.0,0.0,1.0,1.0,1.0,0.7723416,0.28452995,0.17963222,-0.08540135,-0.98001987
H,0.85031086,0.97853744,0.9544017,0.23135121,0.4057065,0.0,0.0,0.0,1.0,1.0,0.771146,0.2823973,0.18733802,-0.07980049,-0.97904867
H,0.8496864,0.97616524,0.94400185,0.22782849,0.39710966,0.0,0.0,1.0,1.0,1.0,0.77501154,0.27504468,0.2077367,-0.098463394,-0.97321653
H,0.8472545,0.98056483,0.95153654,0.21407163,0.38306603,0.0,0.0,0.0,1.0,1.0,0.7879705,0.27344504,0.2195696,-0.098288216,-0.9706331
H,0.85077655,0.97540724,0.9462661,0.21699673,0.384739,0.0,0.0,1.0,1.0,1.0,0.7614795,0.27970898,0.21036728,-0.084700294,-0.97394633
H,0.84348613,0.9753807,0.9461616,0.21790521,0.3826402,0.0,0.0,1.0,1.0,1.0,0.7775999,0.27811813,0.21684101,-0.102816336,-0.9707774
H,0.8405131,0.97363013,0.93674654,0.20501757,0.36283743,0.0,0.0,1.0,1.0,1.0,0.7751609,0.27075198,0.21894473,-0.09883306,-0.9707189
H,0.8477906,0.97242194,0.93811584,0.19490206,0.358207,0.0,0.0,1.0,1.0,1.0,0.7729571,0.2720809,0.21548791,-0.08605405,-0.9727074
H,0.83950317,0.9738194,0.9447584,0.21640705,0.3821616,0.0,0.0,1.0,1.0,1.0,0.74485713,0.2691023,0.19772987,-0.08808317,-0.97629106
H,0.8363114,0.97467166,0.9503741,0.20613846,0.3714363,0.0,0.0,1.0,1.0,1.0,0.76681334,0.2925735,0.19114402,-0.08665068,-0.9777298
H,0.8323694,0.97212344,0.95645976,0.21416828,0.3878119,0.0,0.0,1.0,1.0,1.0,0.77442,0.29080856,0.17961033,-0.09188324,-0.9794374
H,0.83323586,0.9716596,0.9645385,0.20826663,0.3851698,0.0,0.0,1.0,1.0,1.0,0.7519085,0.29707336,0.17081086,-0.079955466,-0.9820544
H,0.82500434,0.97320145,0.9689151,0.22528678,0.3996816,0.0,0.0,1.0,1.0,1.0,0.7603553,0.32074586,0.1392058,-0.084747955,-0.98663044
H,0.8172745,0.9676639,0.9677221,0.21771038,0.39456645,0.0,0.0,1.0,1.0,1.0,0.76713353,0.3179069,0.1373667,-0.07314734,-0.98781574
H,0.8295179,0.96619177,0.9666517,0.21556807,0.39749742,0.0,0.0,1.0,1.0,1.0,0.75624305,0.316801,0.14944708,-0.043495618,-0.9878126
H,0.81694955,0.96015835,0.9572506,0.23368907,0.42008424,0.0,0.0,1.0,1.0,1.0,0.740169,0.26843622,0.13486958,-0.026434872,-0.99051064
H,0.8237386,0.96088517,0.9686415,0.22974166,0.41716492,0.0,0.0,1.0,1.0,1.0,0.72088057,0.26841316,0.15630701,-0.02629434,-0.98735845
H,0.80639756,0.9702266,0.962157,0.21169648,0.39293987,0.0,0.0,1.0,1.0,1.0,0.76539254,0.28984475,0.179555,-0.04247352,-0.9828306
H,0.8220452,0.96359265,0.9495109,0.18406318,0.37953728,0.0,1.0,1.0,1.0,1.0,0.8314679,0.34284624,0.1741072,-0.028360037,-0.98431826
H,0.8242525,0.9674203,0.9438354,0.17879513,0.37328237,0.0,0.0,1.0,1.0,1.0,0.82710654,0.31081662,0.18109667,-0.024826834,-0.9831519
H,0.8001517,0.96771705,0.95394105,0.16500051,0.365279,0.0,0.0,1.0,1.0,1.0,0.7994642,0.30654874,0.17020047,-0.03753123,-0.9846945
H,0.7882972,0.9720061,0.94472086,0.20761959,0.4262896,0.0,0.0,1.0,1.0,1.0,0.8103717,0.2588235,0.13414562,-0.050928306,-0.9896521
H,0.79205596,0.9594739,0.9361378,0.19209857,0.4078645,0.0,1.0,1.0,1.0,1.0,0.8591271,0.33763975,0.19274493,-0.015161823,-0.9811318
H,0.7868071,0.96666384,0.9302731,0.23308893,0.44104195,0.0,0.0,1.0,1.0,1.0,0.8636588,0.30273122,0.14416507,-0.016095368,-0.9894227
H,0.7876271,0.963952,0.9215974,0.25903153,0.46001223,0.0,0.0,1.0,1.0,1.0,0.8226608,0.26959464,0.13917156,-0.011991293,-0.9901957
H,0.79817915,0.96398,0.9274051,0.26284942,0.47474673,0.0,0.0,1.0,1.0,1.0,0.89299136,0.27387658,0.14313258,-0.008471662,-0.98966724
H,0.7862225,0.9579841,0.92446405,0.2639397,0.48141778,0.0,0.0,1.0,1.0,1.0,0.8390937,0.2849941,0.1385224,-0.0072671436,-0.99033266
H,0.79201275,0.96444476,0.93132657,0.26626644,0.47831127,0.0,0.0,1.0,1.0,1.0,0.8728744,0.2922005,0.14835209,-0.01674455,-0.98879284
H,0.79212606,0.9681734,0.9316774,0.27247676,0.46612865,0.0,0.0,1.0,1.0,1.0,0.8860091,0.29945853,0.18089929,-0.0063575567,-0.98348105
H,0.7965515,0.965607,0.92307687,0.25778288,0.44364932,0.0,0.0,1.0,1.0,1.0,0.82748324,0.27751747,0.20635006,-0.0038253793,-0.97847074
H,0.81149423,0.9619147,0.9482322,0.25617966,0.44673178,0.0,0.0,1.0,1.0,1.0,0.86262745,0.2821071,0.19947663,0.009048219,-0.97986084
H,0.7868386,0.9584883,0.9661575,0.26923203,0.45614907,0.0,0.0,1.0,1.0,1.0,0.8666498,0.26923925,0.16788967,0.003558366,-0.9857994
H,0.79728097,0.9737437,0.97385836,0.2137578,0.41626212,0.0,0.0,1.0,1.0,1.0,0.8409675,0.26021165,0.17774086,-0.014728995,-0.9839671
H,0.8203077,0.96331924,0.9613035,0.20474891,0.38707325,0.0,0.0,1.0,1.0,1.0,0.8608183,0.24886067,0.21543561,-0.022075204,-0.97626853
H,0.8139468,0.9638715,0.98288673,0.19156945,0.3920209,0.0,0.0,1.0,1.0,1.0,0.87304664,0.24303406,0.21302237,-0.02463144,-0.9767368
H,0.8113916,0.96725124,0.9646713,0.2282263,0.40888542,0.0,0.0,1.0,1.0,1.0,0.83037144,0.26320603,0.1976771,-0.03625429,-0.97959656
H,0.8140135,0.9673424,0.9448814,0.23946902,0.421217,0.0,0.0,1.0,1.0,1.0,0.8255647,0.2453452,0.18228605,-0.018291092,-0.9830754
H,0.80813307,0.961872,0.9565206,0.23756942,0.4229322,0.0,0.0,1.0,1.0,1.0,0.80148584,0.2291918,0.17445114,-0.028178899,-0.9842625
H,0.8098533,0.9729604,0.9518997,0.2625222,0.44630763,0.0,0.0,1.0,1.0,1.0,0.814837,0.23236784,0.16468254,-0.030997397,-0.9858594
H,0.79919386,0.9705635,0.9714153,0.2453858,0.44292402,0.0,0.0,1.0,1.0,1.0,0.81758267,0.2304511,0.1626027,-0.038261723,-0.9859495
H,0.8119818,0.9769003,0.9630507,0.20865908,0.42412996,0.0,0.0,1.0,1.0,1.0,0.82871956,0.24441317,0.17942046,-0.04278403,-0.98284173
H,0.8145065,0.9807708,0.94128776,0.17698002,0.36802,0.0,0.0,1.0,1.0,1.0,0.83468294,0.24266058,0.2245608,-0.0662719,-0.97220397
H,0.80939645,0.9840179,0.94703454,0.1920392,0.37245643,0.0,0.0,1.0,1.0,1.0,0.81937814,0.23630247,0.2950439,-0.026905568,-0.9551048
H,0.8227547,0.9868649,0.9641978,0.055083025,0.2603929,0.0,0.0,0.0,1.0,1.0,0.7333628,0.13638495,0.1884134,0.04866905,-0.98088306
H,0.82603663,0.9924822,0.9622652,0.074189164,0.21066539,0.0,0.0,0.0,1.0,1.0,0.76487947,0.17618665,0.27838477,-0.027677372,-0.9600707
H,0.80866563,0.9948415,0.96867895,0.0802271,0.1990242,0.0,0.0,0.0,1.0,1.0,0.75617325,0.17593667,0.31645846,-0.057115078,-0.94688535
K,0.9624805,0.9559665,0.9075725,0.7047935,0.7309871,1.0,1.0,1.0,0.0,0.0,1.1846861,0.37841547,-0.03306921,-0.43151218,0.90150076
K,0.9449058,0.95797575,0.94369626,0.4805296,0.57362974,1.0,1.0,1.0,0.0,0.0,0.9675595,0.38373852,0.094717644,-0.28465983,0.95393777
K,0.94955313,0.96692526,0.96481997,0.30700162,0.25612104,1.0,1.0,1.0,0.0,0.0,0.85659593,0.34815,0.18248266,-0.16839987,0.9686803
K,0.9429039,0.96473473,0.96945375,0.24844316,0.18255211,1.0,1.0,1.0,0.0,0.0,0.7838455,0.3192246,0.24704461,-0.1448848,0.95811135
K,0.95892566,0.97734344,0.9733646,0.22137159,0.1454669,1.0,1.0,1.0,0.0,0.0,0.7333534,0.29824817,0.24099287,-0.11855791,0.9632582
K,0.9637546,0.9746188,0.9748564,0.24290986,0.15715313,1.0,1.0,1.0,0.0,0.0,0.72696716,0.30333066,0.20083833,-0.10672997,0.97379297
K,0.95996875,0.97681415,0.973031,0.22574209,0.15453103,1.0,1.0,1.0,0.0,0.0,0.69809014,0.30821952,0.2074984,-0.115699954,0.9713691
K,0.95989615,0.9734861,0.96931064,0.22426601,0.15701799,1.0,1.0,1.0,0.0,0.0,0.67920375,0.30835944,0.20528248,-0.12052692,0.971253
K,0.9523294,0.97524995,0.9682945,0.23493822,0.15929304,1.0,1.0,1.0,0.0,0.0,0.69681156,0.29863086,0.18274496,-0.123736575,0.9753428
K,0.9556972,0.9832926,0.9728999,0.23028246,0.1614435,1.0,1.0,1.0,0.0,0.0,0.677783,0.31075025,0.19308427,-0.11382355,0.9745577
K,0.9582266,0.98295283,0.9731251,0.24708188,0.16608146,1.0,1.0,1.0,0.0,0.0,0.6765097,0.30707312,0.17580675,-0.11062623,0.97818905
K,0.95593596,0.98195624,0.9736036,0.24287689,0.16199912,1.0,1.0,1.0,0.0,0.0,0.6679867,0.30268887,0.17660421,-0.10613638,0.9785428
K,0.96189994,0.9795591,0.97195,0.2265115,0.1532838,1.0,1.0,1.0,0.0,0.0,0.6721562,0.30251032,0.18459642,-0.111107044,0.97651386
K,0.9569533,0.9794448,0.9717569,0.21963325,0.14448857,1.0,1.0,1.0,0.0,0.0,0.6741164,0.30130228,0.18492424,-0.111920595,0.97635895
K,0.96096796,0.9786416,0.9716803,0.21823058,0.14734247,1.0,1.0,1.0,0.0,0.0,0.67029047,0.30167377,0.18993069,-0.11353006,0.9752114
K,0.9562827,0.98120916,0.9733982,0.21986943,0.15150543,1.0,1.0,1.0,0.0,0.0,0.66633373,0.30413073,0.1808341,-0.10804548,0.9775609
K,0.95604455,0.98047763,0.9723208,0.22169073,0.15137742,1.0,1.0,1.0,0.0,0.0,0.6677661,0.30344898,0.18684472,-0.11051475,0.97615343
K,0.9568154,0.98166656,0.97329164,0.22543508,0.15540653,1.0,1.0,1.0,0.0,0.0,0.6575794,0.3055936,0.18912138,-0.112083614,0.975536
K,0.96188325,0.9810344,0.97320193,0.23263028,0.1607539,1.0,1.0,1.0,0.0,0.0,0.66386425,0.30383202,0.18832856,-0.11214966,0.9756817
K,0.9638985,0.9783047,0.97288364,0.23627579,0.1610134,1.0,1.0,1.0,0.0,0.0,0.6646008,0.3031623,0.18651819,-0.109805696,0.97629595
K,0.9635478,0.97889435,0.9738938,0.23439376,0.16037019,1.0,1.0,1.0,0.0,0.0,0.6658328,0.30076036,0.19041423,-0.11010514,0.9755097
K,0.9598245,0.97901124,0.9743347,0.22798902,0.15571977,1.0,1.0,1.0,0.0,0.0,0.6682211,0.30017215,0.1984973,-0.110375494,0.9738665
K,0.9608357,0.9791783,0.9736414,0.22378787,0.15211987,1.0,1.0,1.0,0.0,0.0,0.6756548,0.30449462,0.19757569,-0.11507409,0.97351
K,0.96230996,0.97822154,0.97346175,0.21848708,0.1532482,1.0,1.0,1.0,0.0,0.0,0.66662943,0.30709887,0.19782269,-0.11620659,0.9733253
K,0.9613414,0.9774815,0.97319764,0.22456737,0.16007711,1.0,1.0,1.0,0.0,0.0,0.6712015,0.3068365,0.1964845,-0.11748063,0.9734435
K,0.96128297,0.9779784,0.9745204,0.22202131,0.15716104,1.0,1.0,1.0,0.0,0.0,0.6714448,0.3078625,0.19380203,-0.11603184,0.9741548
K,0.9649232,0.9778793,0.9744055,0.21604827,0.15267758,1.0,1.0,1.0,0.0,0.0,0.6636877,0.30731067,0.20064841,-0.11706972,0.97264326
K,0.96478885,0.976835,0.9729851,0.21733801,0.15113217,1.0,1.0,1.0,0.0,0.0,0.66976833,0.3044826,0.20211746,-0.11808239,0.97221667
K,0.9661884,0.9779726,0.9731906,0.21721067,0.14778696,1.0,1.0,1.0,0.0,0.0,0.66799,0.30537483,0.20141852,-0.11669261,0.9725294
K,0.96772647,0.97921234,0.9733245,0.21724649,0.14659524,1.0,1.0,1.0,0.0,0.0,0.6650056,0.3083756,0.1933685,-0.1166245,0.9741701
K,0.96854913,0.9806736,0.97400826,0.21481173,0.14933369,1.0,1.0,1.0,0.0,0.0,0.6617026,0.3068339,0.19605753,-0.117800824,0.9734909
K,0.9671328,0.9800293,0.97355604,0.21271767,0.1457344,1.0,1.0,1.0,0.0,0.0,0.661473,0.30403465,0.20031142,-0.11691098,0.9727318
K,0.9673646,0.9790294,0.9727395,0.2214562,0.15055387,1.0,1.0,1.0,0.0,0.0,0.65999085,0.3037074,0.18525472,-0.11498881,0.97593963
K,0.9677705,0.9785262,0.9731773,0.21802582,0.14886469,1.0,1.0,1.0,0.0,0.0,0.6582704,0.3051996,0.18200193,-0.11491427,0.97656035
K,0.97028375,0.9799045,0.97433406,0.22257432,0.1542761,1.0,1.0,1.0,0.0,0.0,0.6471036,0.30926153,0.18064226,-0.11156961,0.9772004
K,0.96931696,0.97941595,0.97508633,0.22218756,0.15509857,1.0,1.0,1.0,0.0,0.0,0.6507066,0.31035018,0.17692558,-0.11175696,0.9778587
K,0.96935827,0.9781573,0.9739172,0.21793102,0.15119329,1.0,1.0,1.0,0.0,0.0,0.6539258,0.3084062,0.17779006,-0.113385394,0.97751445
K,0.9726874,0.9790285,0.9742289,0.22736883,0.16089068,1.0,1.0,1.0,0.0,0.0,0.6545369,0.30995783,0.17313494,-0.11039099,0.9786921
K,0.9706332,0.9792167,0.974873,0.23022892,0.16291021,1.0,1.0,1.0,0.0,0.0,0.6570308,0.30979395,0.16524158,-0.10583414,0.9805582
K,0.9706753,0.97871614,0.9734786,0.23277074,0.16060749,1.0,1.0,1.0,0.0,0.0,0.6489019,0.31135076,0.16701642,-0.10535759,0.98030883
K,0.97188497,0.97823346,0.97376144,0.21057019,0.14572892,1.0,1.0,1.0,0.0,0.0,0.647876,0.31349415,0.18821727,-0.1088268,0.97607934
K,0.9711902,0.9787059,0.9740734,0.21585022,0.15235177,1.0,1.0,1.0,0.0,0.0,0.65065783,0.31158978,0.17789039,-0.10482895,0.9784507
K,0.9743364,0.9780524,0.97375196,0.20839567,0.1500831,1.0,1.0,1.0,0.0,0.0,0.6474106,0.30939803,0.17335126,-0.10571946,0.9791694
K,0.9764684,0.9775355,0.9730999,0.21490097,0.15253888,1.0,1.0,1.0,0.0,0.0,0.6496437,0.3108548,0.18401492,-0.11020398,0.976726
K,0.9754267,0.97782254,0.97333986,0.22672229,0.15985596,1.0,1.0,1.0,0.0,0.0,0.64979523,0.30999735,0.18586682,-0.109629676,0.97643983
K,0.9714398,0.97558683,0.9730478,0.2267375,0.1605158,1.0,1.0,1.0,0.0,0.0,0.65217906,0.31263545,0.18558554,-0.11272919,0.97614044
K,0.97396713,0.9744433,0.9739634,0.22109026,0.14863904,1.0,1.0,1.0,0.0,0.0,0.64359355,0.31485605,0.18587823,-0.11468123,0.9758573
K,0.97888947,0.97416854,0.97395426,0.22051291,0.14868353,1.0,1.0,1.0,0.0,0.0,0.6432458,0.3130672,0.1805621,-0.11254006,0.97710395
K,0.9799035,0.9751729,0.97260296,0.22554572,0.1560867,1.0,1.0,1.0,0.0,0.0,0.6538039,0.31312332,0.18122448,-0.11624323,0.97654754
K,0.9825979,0.9777436,0.97443604,0.23855604,0.17217562,1.0,1.0,1.0,0.0,0.0,0.6378799,0.31631795,0.15295655,-0.10579557,0.9825536
K,0.98196566,0.97818166,0.97421116,0.23156057,0.16134986,1.0,1.0,1.0,0.0,0.0,0.63059443,0.31950784,0.15299094,-0.10467473,0.9826683
K,0.9824795,0.9796213,0.97618675,0.23104616,0.15963772,1.0,1.0,1.0,0.0,0.0,0.62631553,0.3165137,0.15417734,-0.10259297,0.9827024
K,0.98342663,0.97835577,0.9757898,0.2393622,0.16364755,1.0,1.0,1.0,0.0,0.0,0.6265141,0.31474125,0.1449862,-0.10138008,0.9842261
K,0.9862599,0.9827195,0.9772877,0.22901623,0.15939789,1.0,1.0,1.0,0.0,0.0,0.60609716,0.3126281,0.14523059,-0.09194764,0.98511606
K,0.9882814,0.98229903,0.9777689,0.22155738,0.1553796,1.0,1.0,1.0,0.0,0.0,0.61423004,0.3128755,0.14974312,-0.08966921,0.98465043
K,0.9901783,0.9817468,0.9772412,0.2194497,0.15284915,1.0,1.0,1.0,0.0,0.0,0.62602717,0.31043932,0.16193914,-0.08786923,0.9828808
K,0.99340576,0.9793585,0.97567666,0.21368848,0.1423223,1.0,1.0,1.0,0.0,0.0,0.6237033,0.30830112,0.17452666,-0.090694055,0.9804668
K,0.9928816,0.980264,0.977372,0.20481767,0.14117852,1.0,1.0,1.0,0.0,0.0,0.6270001,0.3078826,0.17748274,-0.090610154,0.9799437
K,0.9917242,0.97952694,0.9750596,0.20905852,0.14323872,1.0,1.0,1.0,0.0,0.0,0.6253388,0.30754605,0.1706169,-0.096093036,0.98064065
K,0.99068195,0.9781255,0.9746228,0.20887046,0.14325343,1.0,1.0,1.0,0.0,0.0,0.62830675,0.31087363,0.15975656,-0.098840706,0.9821957
K,0.9904597,0.97855204,0.9756633,0.20311405,0.13939986,1.0,1.0,1.0,0.0,0.0,0.62890077,0.31257418,0.17094006,-0.09993634,0.9802001
K,0.9921921,0.9797881,0.9755596,0.20550549,0.14030813,1.0,1.0,1.0,0.0,0.0,0.6224784,0.3098315,0.16987844,-0.09556007,0.98082083
K,0.99399036,0.9808265,0.9755285,0.20747353,0.14715587,1.0,1.0,1.0,0.0,0.0,0.6175032,0.30911055,0.17015143,-0.092516,0.98106545
K,0.994885,0.9814389,0.9756851,0.20521204,0.14606042,1.0,1.0,1.0,0.0,0.0,0.6245325,0.31003043,0.17495073,-0.09487709,0.9799952
K,0.99519056,0.98205525,0.97667193,0.20116335,0.14395697,1.0,1.0,1.0,0.0,0.0,0.6151903,0.31117392,0.1735188,-0.09446823,0.98028916
K,0.994266,0.98192745,0.976517,0.21322745,0.15191928,1.0,1.0,1.0,0.0,0.0,0.6098663,0.31026694,0.16077088,-0.0908259,0.9828039
K,0.99454343,0.9805397,0.9768439,0.2063186,0.14514521,1.0,1.0,1.0,0.0,0.0,0.61062664,0.3127738,0.1569824,-0.09130744,0.98337144
K,0.994058,0.9799716,0.9770639,0.20841989,0.15060146,1.0,1.0,1.0,0.0,0.0,0.6045957,0.31373718,0.1542878,-0.09242857,0.9836932
K,0.9942871,0.9806225,0.9767967,0.20627965,0.1475384,1.0,1.0,1.0,0.0,0.0,0.6090101,0.31237152,0.15381387,-0.09104729,0.9838962
K,0.9942314,0.98170054,0.97716326,0.21981,0.15430541,1.0,1.0,1.0,0.0,0.0,0.60714054,0.31072074,0.14790086,-0.08944488,0.9849492
K,0.9941451,0.983031,0.9768883,0.22103108,0.15825978,1.0,1.0,1.0,0.0,0.0,0.60866725,0.31107613,0.15248471,-0.090024464,0.98419714
K,0.9944121,0.9825442,0.9759873,0.22671792,0.16258934,1.0,1.0,1.0,0.0,0.0,0.6108745,0.31310913,0.15406449,-0.09449969,0.9835313
K,0.99485207,0.9821779,0.97523797,0.23295388,0.16738805,1.0,1.0,1.0,0.0,0.0,0.6123273,0.31377,0.14972648,-0.09599926,0.984056
K,0.9949087,0.9803924,0.9746321,0.23013929,0.16757455,1.0,1.0,1.0,0.0,0.0,0.62229854,0.3139263,0.15654628,-0.09504065,0.98308724
K,0.9930325,0.9810019,0.97547764,0.22064057,0.16165908,1.0,1.0,1.0,0.0,0.0,0.6183602,0.3154723,0.15110017,-0.09323664,0.9841116
K,0.9933793,0.98137355,0.97443336,0.2255353,0.1589255,1.0,1.0,1.0,0.0,0.0,0.6119815,0.3149035,0.1509557,-0.09411999,0.9840497
K,0.99411935,0.98222375,0.9752546,0.21764581,0.15014373,1.0,1.0,1.0,0.0,0.0,0.60813344,0.31198868,0.16381083,-0.09467356,0.98193836
K,0.9957491,0.9839146,0.97529423,0.21544135,0.14928387,1.0,1.0,1.0,0.0,0.0,0.61426693,0.31054756,0.1698773,-0.09170703,0.9811888
K,0.9953998,0.9849971,0.97576624,0.21622819,0.15010288,1.0,1.0,1.0,0.0,0.0,0.6066686,0.3106788,0.16189477,-0.08434198,0.9831971
K,0.99310833,0.9843796,0.97434276,0.21445562,0.14573476,1.0,1.0,1.0,0.0,0.0,0.6097843,0.30536598,0.14860933,-0.08304769,0.9854026
K,0.9933538,0.9815499,0.97365975,0.20431828,0.13669084,1.0,1.0,1.0,0.0,0.0,0.6164347,0.30175266,0.17136589,-0.08594596,0.9814515
K,0.9947556,0.98335606,0.9750687,0.21626835,0.15102303,1.0,1.0,1.0,0.0,0.0,0.6139137,0.29147908,0.15877485,-0.08140981,0.98395276
K,0.9952069,0.9868774,0.9778184,0.21312027,0.14645012,1.0,1.0,1.0,0.0,0.0,0.6150859,0.28780317,0.1543779,-0.0732309,0.9852942
K,0.99556154,0.98459023,0.9800093,0.19722588,0.14125936,1.0,1.0,1.0,0.0,0.0,0.6233975,0.2839915,0.16966599,-0.06952766,0.983046
K,0.9951592,0.98034096,0.9795736,0.19884181,0.14127474,1.0,1.0,1.0,0.0,0.0,0.6161091,0.28797516,0.17643231,-0.059130926,0.98253506
K,0.9925751,0.98245263,0.9823983,0.21422087,0.15254316,1.0,1.0,1.0,0.0,0.0,0.6069375,0.2833657,0.1555704,-0.05454999,0.9863175
K,0.99239427,0.9781045,0.9786928,0.21591653,0.1484888,1.0,1.0,1.0,0.0,0.0,0.6114286,0.28601456,0.15605919,-0.06375993,0.9856877
K,0.9869023,0.97734153,0.9761586,0.22530766,0.15476145,1.0,1.0,1.0,0.0,0.0,0.59441024,0.29130787,0.14960648,-0.060557533,0.98688936
K,0.9873384,0.9827783,0.9778299,0.20812503,0.13935761,1.0,1.0,1.0,0.0,0.0,0.616744,0.28819466,0.16409233,-0.060461726,0.98459035
K,0.98221123,0.9749677,0.9751877,0.22218102,0.15278313,1.0,1.0,1.0,0.0,0.0,0.6116568,0.29409018,0.16151306,-0.065242074,0.98471165
K,0.9848389,0.9788197,0.9755576,0.22415346,0.14976437,1.0,1.0,1.0,0.0,0.0,0.6262314,0.2921945,0.17066357,-0.07055508,0.98280007
K,0.9822554,0.9766181,0.97530866,0.21657725,0.15507546,1.0,1.0,1.0,0.0,0.0,0.62241894,0.29350483,0.16519243,-0.07073997,0.98372114
K,0.9828578,0.9762155,0.97664326,0.208552,0.14224,1.0,1.0,1.0,0.0,0.0,0.6272241,0.29515117,0.16285272,-0.067428276,0.98434365
K,0.9816356,0.9755171,0.97693884,0.20619576,0.13840975,1.0,1.0,1.0,0.0,0.0,0.6268802,0.29619223,0.16083471,-0.0697228,0.9845156
K,0.9853768,0.97681105,0.97665775,0.19629665,0.14108449,1.0,1.0,1.0,0.0,0.0,0.62570566,0.2957658,0.16859174,-0.075094156,0.98282135
K,0.983102,0.9777113,0.9759328,0.20119427,0.14399996,1.0,1.0,1.0,0.0,0.0,0.6287989,0.2981851,0.16794531,-0.075608894,0.9828925
K,0.98597306,0.97719496,0.9767907,0.1889853,0.13606946,1.0,1.0,1.0,0.0,0.0,0.6341383,0.2980339,0.17387883,-0.08173544,0.9813692
K,0.9883513,0.9749977,0.975546,0.19069393,0.1304466,1.0,1.0,1.0,0.0,0.0,0.64724594,0.29986766,0.20316999,-0.08023736,0.9758504
K,0.98463106,0.9768619,0.975246,0.19888486,0.1378423,1.0,1.0,1.0,0.0,0.0,0.6495189,0.30388254,0.19082373,-0.08305746,0.9781042
K,0.9854086,0.97892386,0.9747252,0.19722532,0.13486215,1.0,1.0,1.0,0.0,0.0,0.6398887,0.30667776,0.19985247,-0.077719785,0.97673875
L,0.93094397,0.98254067,0.61728215,0.6978614,0.6336348,1.0,1.0,0.0,0.0,0.0,1.421042,1.3474224,0.10392855,-0.19310771,0.9756579
L,0.87444144,0.97567815,0.2944575,0.36702126,0.2275881,1.0,1.0,0.0,0.0,0.0,1.3175303,1.2533054,0.1377392,-0.15305904,0.9785709
L,0.89993715,0.9679263,0.33078408,0.4230504,0.2250618,1.0,1.0,0.0,0.0,0.0,1.2880707,1.2538693,0.13540417,-0.1585865,0.9780164
L,0.9321437,0.9600934,0.24576326,0.3509148,0.21121913,1.0,1.0,0.0,0.0,0.0,1.3092513,1.2390169,0.11414948,-0.15261872,0.98167074
L,0.92356163,0.96336937,0.25279632,0.336578,0.19898514,1.0,1.0,0.0,0.0,0.0,1.3338956,1.2329162,0.12924135,-0.14708497,0.98064405
L,0.9166004,0.9641729,0.227798,0.28932554,0.14862226,1.0,1.0,0.0,0.0,0.0,1.3252411,1.1852039,0.09863514,-0.1355882,0.98584324
L,0.91296434,0.96148306,0.2031764,0.24685037,0.10823126,1.0,1.0,0.0,0.0,0.0,1.2824235,1.1800275,0.08166414,-0.12604196,0.98865783
L,0.9643526,0.96042204,0.2118544,0.24096332,0.109090924,1.0,1.0,0.0,0.0,0.0,1.2637265,1.200355,0.077030465,-0.13010037,0.98850405
L,0.9618304,0.9607563,0.20180224,0.2508999,0.12287285,1.0,1.0,0.0,0.0,0.0,1.2622898,1.1705258,0.09167228,-0.12890394,0.9874107
L,0.9328626,0.95796263,0.18546277,0.23861544,0.1029814,1.0,1.0,0.0,0.0,0.0,1.2681793,1.1493926,0.09028179,-0.13428712,0.9868212
L,0.9460132,0.95921236,0.18420653,0.21718557,0.0886507,1.0,1.0,0.0,0.0,0.0,1.2610295,1.152069,0.0746534,-0.12948547,0.9887671
L,0.9573069,0.9592023,0.1937991,0.23271555,0.10040398,1.0,1.0,0.0,0.0,0.0,1.2657405,1.1481951,0.07864284,-0.13043374,0.9883331
L,0.9672582,0.958286,0.19339168,0.24824561,0.11198704,1.0,1.0,0.0,0.0,0.0,1.2808422,1.1549108,0.07659734,-0.13126463,0.9883837
L,0.96145236,0.9591993,0.1974167,0.2688425,0.13810475,1.0,1.0,0.0,0.0,0.0,1.2677091,1.1470373,0.074044004,-0.12964945,0.98879147
L,0.9536817,0.95837396,0.20086125,0.28659207,0.1558329,1.0,1.0,0.0,0.0,0.0,1.2817227,1.1497941,0.07123775,-0.13187906,0.9887027
L,0.955475,0.9533527,0.19934785,0.27107626,0.1426616,1.0,1.0,0.0,0.0,0.0,1.2628889,1.1299582,0.060004454,-0.12529919,0.9903028
L,0.95667696,0.9573961,0.2111151,0.28850198,0.1701042,1.0,1.0,0.0,0.0,0.0,1.2246931,1.1239473,0.082978085,-0.12157069,0.9891083
L,0.94794494,0.95728797,0.20008081,0.2753069,0.14906725,1.0,1.0,0.0,0.0,0.0,1.1934903,1.1233157,0.10270797,-0.12013781,0.98743004
L,0.9475958,0.9598308,0.20307659,0.28136182,0.16293454,1.0,1.0,0.0,0.0,0.0,1.1442746,1.1363503,0.10112919,-0.12196497,0.98736894
L,0.9534838,0.9537829,0.17823185,0.2279543,0.11702797,1.0,1.0,0.0,0.0,0.0,1.1095237,1.1079683,0.081340395,-0.10665787,0.9909631
L,0.9581476,0.9564988,0.16263582,0.20594661,0.082077324,1.0,1.0,0.0,0.0,0.0,1.0568323,1.0808151,0.05977749,-0.09031405,0.9941177
L,0.9695986,0.9611692,0.17386633,0.20791462,0.085452884,1.0,1.0,0.0,0.0,0.0,1.0449413,1.106987,0.078211114,-0.092410326,0.9926446
L,0.96965736,0.9704613,0.18932119,0.21782768,0.09440091,1.0,1.0,0.0,0.0,0.0,1.0582887,1.1306537,0.08632758,-0.09322221,0.99189574
L,0.9359206,0.97159797,0.19180353,0.23688225,0.09905115,1.0,1.0,0.0,0.0,0.0,1.0940531,1.1614193,0.14098002,-0.119073495,0.9828256
L,0.93014014,0.9670337,0.19147807,0.25221324,0.10447682,1.0,1.0,0.0,0.0,0.0,1.0874565,1.1886097,0.15543139,-0.1134627,0.98130894
L,0.9474782,0.9668913,0.20475899,0.26740912,0.12671684,1.0,1.0,0.0,0.0,0.0,1.063125,1.1626685,0.11744766,-0.10288882,0.98773474
L,0.957209,0.96900636,0.22205089,0.28229457,0.13602592,1.0,1.0,0.0,0.0,0.0,1.0827508,1.1789594,0.095225185,-0.11030869,0.9893251
L,0.95177156,0.96875125,0.21846496,0.29074693,0.15549155,1.0,1.0,0.0,0.0,0.0,1.1168305,1.1981442,0.07987795,-0.1209319,0.9894418
L,0.96092486,0.96861285,0.20868137,0.2634186,0.13749543,1.0,1.0,0.0,0.0,0.0,1.1288608,1.2095797,0.058734503,-0.119064964,0.9911477
L,0.96226084,0.9625006,0.21779494,0.26222938,0.13406326,1.0,1.0,0.0,0.0,0.0,1.1334407,1.2112097,0.030953001,-0.11583762,0.99278575
L,0.9655419,0.9623568,0.22287166,0.2718623,0.14210086,1.0,1.0,0.0,0.0,0.0,1.1471047,1.2104869,0.044570234,-0.11356116,0.9925308
L,0.97558486,0.96111697,0.21072522,0.2591711,0.13760321,1.0,1.0,0.0,0.0,0.0,1.1497128,1.2052879,0.016537428,-0.10982598,0.9938132
L,0.96851414,0.96562403,0.19584233,0.23576346,0.120728806,1.0,1.0,0.0,0.0,0.0,1.1565356,1.2179852,0.0034286876,-0.108731434,0.9940652
L,0.9648458,0.9625746,0.18257913,0.22999309,0.11507713,1.0,1.0,0.0,0.0,0.0,1.1472263,1.1949906,-0.024505569,-0.10259082,0.9944217
L,0.96041465,0.9627435,0.18504767,0.232187,0.108747594,1.0,1.0,0.0,0.0,0.0,1.1660494,1.2138911,-0.037521917,-0.105821505,0.99367696
L,0.95306736,0.9652558,0.18512546,0.22255091,0.10428726,1.0,1.0,0.0,0.0,0.0,1.1831168,1.2183632,-0.0087228725,-0.11188163,0.9936833
L,0.95894474,0.96415335,0.17913608,0.21787828,0.106979854,1.0,1.0,0.0,0.0,0.0,1.1757368,1.19387,-0.025264984,-0.108242385,0.99380344
L,0.9641765,0.9645069,0.17625111,0.2176244,0.11103975,1.0,1.0,0.0,0.0,0.0,1.177336,1.1661614,-0.001803984,-0.108987994,0.9940414
L,0.94962,0.9698483,0.17305371,0.20051078,0.08578323,1.0,1.0,0.0,0.0,0.0,1.2229197,1.2046659,0.02841436,-0.12145085,0.99219066
L,0.96350867,0.9696402,0.17142953,0.19156106,0.07989586,1.0,1.0,0.0,0.0,0.0,1.2091348,1.1582671,0.024118131,-0.10597083,0.9940767
L,0.96163625,0.97315776,0.19382478,0.20516689,0.09753803,1.0,1.0,0.0,0.0,0.0,1.2207221,1.1651416,0.043471914,-0.123952955,0.9913354
L,0.9669989,0.9716758,0.1899353,0.2045309,0.10579919,1.0,1.0,0.0,0.0,0.0,1.2039424,1.1328105,0.0026903532,-0.103417784,0.99463433
L,0.9635407,0.967881,0.21773393,0.2027626,0.095406555,1.0,1.0,0.0,0.0,0.0,1.1871778,1.1127301,-0.0091102235,-0.084256224,0.99640244
L,0.95968056,0.96910053,0.20667365,0.200608,0.09681477,1.0,1.0,0.0,0.0,0.0,1.207535,1.1458677,0.014194958,-0.09998746,0.9948874
L,0.9604929,0.96988565,0.20863944,0.21009031,0.09747191,1.0,1.0,0.0,0.0,0.0,1.2027494,1.1448277,0.059569728,-0.11085527,0.9920497
L,0.95705,0.9698732,0.20573397,0.2266406,0.11074041,1.0,1.0,0.0,0.0,0.0,1.208104,1.1654872,0.06569104,-0.1186546,0.9907602
L,0.9692552,0.9683459,0.20917338,0.23463316,0.116237044,1.0,1.0,0.0,0.0,0.0,1.179506,1.1541706,0.030041233,-0.11125496,0.9933377
L,0.9635792,0.9686523,0.20931084,0.24689685,0.12538992,1.0,1.0,0.0,0.0,0.0,1.1735139,1.161743,0.03792738,-0.11279693,0.99289393
L,0.97211343,0.9696785,0.22840314,0.25763538,0.12542552,1.0,1.0,0.0,0.0,0.0,1.1535739,1.1501644,0.042277277,-0.10495951,0.9935775
L,0.9755438,0.9674425,0.21918738,0.25529414,0.12758724,1.0,1.0,0.0,0.0,0.0,1.1498808,1.1612159,0.021161063,-0.101454414,0.99461514
L,0.9708523,0.9666967,0.23159005,0.2775911,0.14766505,1.0,1.0,0.0,0.0,0.0,1.1443051,1.17687,0.034760866,-0.10878713,0.9934571
L,0.9729452,0.9702457,0.22739905,0.26524094,0.1376441,1.0,1.0,0.0,0.0,0.0,1.1527935,1.1885234,0.03157135,-0.11043346,0.993382
L,0.9640778,0.9711537,0.237457,0.2796374,0.14470956,1.0,1.0,0.0,0.0,0.0,1.1715207,1.2031852,0.060308125,-0.12372078,0.9904828
L,0.9620347,0.9686061,0.23576777,0.2843461,0.15355489,1.0,1.0,0.0,0.0,0.0,1.1664671,1.1968672,0.076426506,-0.12502646,0.9892055
L,0.9627933,0.97024405,0.24274354,0.28489527,0.15132572,1.0,1.0,0.0,0.0,0.0,1.1776838,1.2164152,0.109512724,-0.12737672,0.98579013
L,0.9547754,0.97064805,0.24464022,0.28489074,0.15227973,1.0,1.0,0.0,0.0,0.0,1.1924461,1.2343633,0.12848456,-0.13192254,0.9828979
L,0.95833874,0.9679605,0.2529603,0.29707545,0.17151451,1.0,1.0,0.0,0.0,0.0,1.1866214,1.2303749,0.11347429,-0.13576691,0.9842209
L,0.95458716,0.96414757,0.25183842,0.28872308,0.1696217,1.0,1.0,0.0,0.0,0.0,1.1905682,1.2353793,0.10887928,-0.13494085,0.98485345
L,0.9570677,0.9634828,0.25918868,0.30525282,0.19455281,1.0,1.0,0.0,0.0,0.0,1.1973462,1.2352318,0.095055714,-0.1368064,0.9860266
L,0.9592258,0.96335256,0.3058269,0.34452188,0.23052333,1.0,1.0,0.0,0.0,0.0,1.1827629,1.2313213,0.098249875,-0.13311605,0.98621863
L,0.9693103,0.95206314,0.30138022,0.3372843,0.23830067,1.0,1.0,0.0,0.0,0.0,1.1760311,1.2241659,0.05571363,-0.1291818,0.99005455
L,0.96467113,0.9458545,0.29257923,0.32209733,0.21559104,1.0,1.0,0.0,0.0,0.0,1.1754651,1.2164582,0.031793077,-0.13166417,0.9907844
L,0.9692288,0.9444262,0.28400955,0.3240109,0.19703,1.0,1.0,0.0,0.0,0.0,1.1812112,1.2291067,0.040254276,-0.1290496,0.99082077
L,0.97158283,0.937584,0.2744568,0.32015967,0.19984825,1.0,1.0,0.0,0.0,0.0,1.1925098,1.2337235,0.012722975,-0.12871934,0.99159944
L,0.97784406,0.9356981,0.26867104,0.3012999,0.16786718,1.0,1.0,0.0,0.0,0.0,1.2063563,1.2593008,0.010370767,-0.13086793,0.9913455
L,0.97927463,0.9393629,0.25851592,0.28273162,0.14368674,1.0,1.0,0.0,0.0,0.0,1.2086569,1.2732713,-0.005474381,-0.12672152,0.9919233
L,0.98687094,0.94001836,0.23634396,0.26436022,0.12380942,1.0,1.0,0.0,0.0,0.0,1.2144144,1.2801814,-0.028376222,-0.123333625,0.9919595
L,0.9798312,0.9387515,0.23960638,0.27132678,0.13499273,1.0,1.0,0.0,0.0,0.0,1.2241737,1.2843299,-0.019218888,-0.12995651,0.99133337
L,0.9787471,0.9387771,0.22395895,0.25926632,0.120241225,1.0,1.0,0.0,0.0,0.0,1.2167292,1.2858438,-0.037414297,-0.12605938,0.9913169
L,0.9748191,0.9370989,0.23414886,0.27051774,0.13190012,1.0,1.0,0.0,0.0,0.0,1.2200706,1.2755418,-0.029293343,-0.12786642,0.9913587
L,0.9789058,0.93775815,0.23021322,0.26745996,0.12965626,1.0,1.0,0.0,0.0,0.0,1.2279959,1.2837664,-0.03398138,-0.12884757,0.991082
L,0.97820884,0.93620795,0.22613788,0.2661889,0.13007143,1.0,1.0,0.0,0.0,0.0,1.2259042,1.2834446,-0.040361825,-0.12901929,0.99082035
L,0.97794664,0.93466204,0.21962196,0.2651498,0.1301101,1.0,1.0,0.0,0.0,0.0,1.2309293,1.2847883,-0.031424653,-0.13073063,0.9909197
L,0.97639173,0.9369241,0.23324272,0.26785016,0.12186338,1.0,1.0,0.0,0.0,0.0,1.2394195,1.2922027,-0.023003718,-0.13460697,0.990632
L,0.9746302,0.9352761,0.23088624,0.26745483,0.11749844,1.0,1.0,0.0,0.0,0.0,1.2563775,1.3026202,-0.008506098,-0.13355753,0.9910046
L,0.97512543,0.9339628,0.25087735,0.2869751,0.13276584,1.0,1.0,0.0,0.0,0.0,1.2682799,1.2826594,0.0004364506,-0.12784915,0.99179345
L,0.9830545,0.9361099,0.24460366,0.27338403,0.105956994,1.0,1.0,0.0,0.0,0.0,1.3133069,1.2925584,-0.006891479,-0.12813774,0.9917325
L,0.969377,0.93366,0.24801067,0.2916681,0.15378103,1.0,1.0,0.0,0.0,0.0,1.3487755,1.2628074,0.020155868,-0.13632505,0.9904591
L,0.98931295,0.9395441,0.2504253,0.27491748,0.13631171,1.0,1.0,0.0,0.0,0.0,1.3627105,1.2903123,-0.020326354,-0.14270896,0.98955595
L,0.9875206,0.941273,0.26019654,0.27672988,0.13772836,1.0,1.0,0.0,0.0,0.0,1.3645957,1.2790322,-0.006826219,-0.1439219,0.9895655
L,0.9809609,0.9394483,0.24700426,0.26757112,0.12288378,1.0,1.0,0.0,0.0,0.0,1.3876917,1.2985003,-0.010435356,-0.14259098,0.98972666
L,0.97667944,0.9412868,0.25006637,0.26486033,0.13362528,1.0,1.0,0.0,0.0,0.0,1.3969157,1.3084154,0.012892516,-0.15059899,0.98851085
L,0.9808745,0.9423163,0.23938507,0.2491851,0.11386416,1.0,1.0,0.0,0.0,0.0,1.3964422,1.3114395,0.02615692,-0.15467939,0.9876184
L,0.97703886,0.9421582,0.23509131,0.249336,0.11195334,1.0,1.0,0.0,0.0,0.0,1.4011288,1.3109039,0.0294188,-0.15482579,0.98750365
L,0.98065645,0.94374216,0.24531133,0.24922572,0.10638092,1.0,1.0,0.0,0.0,0.0,1.3991446,1.3062592,0.033296134,-0.1557879,0.9872292
L,0.9734365,0.94061613,0.2548207,0.2599415,0.11850568,1.0,1.0,0.0,0.0,0.0,1.4141463,1.3190573,0.02236833,-0.15470572,0.9877074
L,0.97320646,0.9401898,0.24210647,0.25425372,0.121588774,1.0,1.0,0.0,0.0,0.0,1.4148391,1.3241017,0.0040215133,-0.15247726,0.98829883
L,0.9487437,0.9374826,0.2454585,0.2668302,0.13786979,1.0,1.0,0.0,0.0,0.0,1.4128622,1.3012428,0.010352757,-0.14694434,0.98909056
L,0.9627341,0.93769085,0.24009083,0.26077214,0.13739891,1.0,1.0,0.0,0.0,0.0,1.4276981,1.3011882,0.017238434,-0.15101251,0.9883815
L,0.94376993,0.9374012,0.24443193,0.26374406,0.13599026,1.0,1.0,0.0,0.0,0.0,1.4532233,1.3032073,0.028441725,-0.15560102,0.9874104
L,0.93918484,0.9383631,0.23933183,0.251406,0.12102797,1.0,1.0,0.0,0.0,0.0,1.4621271,1.3024814,0.025132999,-0.15406348,0.98774123
L,0.9404178,0.9376829,0.24313696,0.25529823,0.115578435,1.0,1.0,0.0,0.0,0.0,1.4497014,1.2946634,0.0067577683,-0.15409824,0.9880324
L,0.9476773,0.93822277,0.24697554,0.26076922,0.11674782,1.0,1.0,0.0,0.0,0.0,1.4513814,1.2937994,0.0017438616,-0.15388452,0.9880873
L,0.94376624,0.93883497,0.24293816,0.2538688,0.112382345,1.0,1.0,0.0,0.0,0.0,1.4595863,1.2994112,0.0032770485,-0.15478285,0.9879431
L,0.93896496,0.9401404,0.25390062,0.25903425,0.11647139,1.0,1.0,0.0,0.0,0.0,1.4699305,1.3104156,0.02158109,-0.15920506,0.9870097
L,0.95023966,0.9395592,0.22840656,0.24198699,0.10468879,1.0,1.0,0.0,0.0,0.0,1.4583894,1.3068341,0.00029180554,-0.15351546,0.98814625
L,0.9437446,0.9366338,0.23002665,0.2430786,0.109024964,1.0,1.0,0.0,0.0,0.0,1.4689156,1.3145245,-0.008447682,-0.15725702,0.9875216
L,0.95245785,0.93705726,0.22088613,0.22843127,0.10019234,1.0,1.0,0.0,0.0,0.0,1.4694257,1.3087144,-0.014287714,-0.15398005,0.98797065
L,0.94308174,0.9363028,0.22714938,0.23354447,0.10668093,1.0,1.0,0.0,0.0,0.0,1.4870048,1.320901,-0.0054610386,-0.15946208,0.987189
L,0.9398246,0.9365835,0.23663859,0.24657698,0.111305,1.0,1.0,0.0,0.0,0.0,1.4738742,1.313686,0.0110093085,-0.15738864,0.9874754
O,0.84354466,0.5878462,0.49783772,0.4598598,0.61268747,0.0,0.0,0.0,0.0,0.0,0.23363231,0.25597015,0.5410138,-0.20343135,0.8160391
O,0.9125802,0.352408,0.316736,0.31543744,0.53736615,1.0,0.0,0.0,0.0,0.0,0.10438517,0.087737374,0.504857,-0.1459514,0.85077465
O,0.88022035,0.2530182,0.2142337,0.22092648,0.37625584,1.0,0.0,0.0,0.0,0.0,0.14752819,0.12412269,0.40356204,-0.19458182,0.8940221
O,0.8605528,0.25074866,0.2168524,0.2217995,0.43622893,1.0,0.0,0.0,0.0,0.0,0.13418981,0.0905551,0.43427497,-0.1675421,0.88506216
O,0.87057704,0.23235671,0.20433493,0.20857753,0.38004637,1.0,0.0,0.0,0.0,0.0,0.14440389,0.08430671,0.40942335,-0.103057526,0.90650517
O,0.9010179,0.23324351,0.20496932,0.20669624,0.354198,1.0,0.0,0.0,0.0,0.0,0.11819098,0.054028727,0.51780534,-0.10943236,0.8484705
O,0.9005708,0.25240496,0.20867892,0.21196203,0.38630453,1.0,0.0,0.0,0.0,0.0,0.11381488,0.05455069,0.5365335,-0.081666574,0.8399181
O,0.8973047,0.263012,0.22493765,0.23300107,0.41199052,1.0,0.0,0.0,0.0,0.0,0.11348358,0.03401,0.5747486,-0.06875164,0.8154369
O,0.8978344,0.28473407,0.2392668,0.23468442,0.43053144,1.0,0.0,0.0,0.0,0.0,0.06507332,0.04523653,0.5700583,-0.07197761,0.8184454
O,0.9081897,0.30099544,0.24841791,0.2332745,0.4167932,1.0,0.0,0.0,0.0,0.0,0.08425396,0.05576468,0.56639785,-0.06389532,0.82165134
O,0.9192781,0.33452973,0.25755882,0.24575908,0.4512421,1.0,0.0,0.0,0.0,0.0,0.10774943,0.061101425,0.5450392,-0.06651301,0.8357682
O,0.9263081,0.33437067,0.26111493,0.25480697,0.4728155,1.0,0.0,0.0,0.0,0.0,0.10035383,0.062267654,0.54032433,-0.05985589,0.83932537
O,0.9263809,0.33118024,0.25803876,0.24334992,0.43738192,1.0,0.0,0.0,0.0,0.0,0.11276622,0.056334324,0.56569225,-0.056150164,0.8227026
O,0.9180276,0.2838395,0.2348937,0.22704268,0.44212967,1.0,0.0,0.0,0.0,0.0,0.08836313,0.046697892,0.49465865,-0.06497244,0.86665535
O,0.9141333,0.2770632,0.2341958,0.22055805,0.43717945,1.0,0.0,0.0,0.0,0.0,0.0827842,0.041927416,0.5265754,-0.07399607,0.84690195
O,0.8980531,0.2722965,0.23602134,0.22048604,0.42120326,1.0,0.0,0.0,0.0,0.0,0.07301734,0.053626716,0.50926703,-0.07623069,0.85722584
O,0.90072095,0.27337626,0.23521936,0.20750678,0.42080754,1.0,0.0,0.0,0.0,0.0,0.08985089,0.057262268,0.47437176,-0.083351225,0.8763698
O,0.90398467,0.26498497,0.22092658,0.20443639,0.39542544,1.0,0.0,0.0,0.0,0.0,0.0712883,0.05445678,0.48838508,-0.07372752,0.869508
O,0.91283685,0.26428115,0.22907995,0.21621555,0.4437556,1.0,0.0,0.0,0.0,0.0,0.0962224,0.048754107,0.50898886,-0.063324764,0.85844064
O,0.90031856,0.25787434,0.22212689,0.20890279,0.4384519,1.0,0.0,0.0,0.0,0.0,0.08223082,0.04753896,0.49643117,-0.066663645,0.8655126
O,0.91845685,0.26306412,0.22618145,0.21061383,0.45470503,1.0,0.0,0.0,0.0,0.0,0.090813816,0.038503636,0.5082577,-0.054910645,0.8594527
O,0.9109203,0.25237712,0.21796085,0.21118495,0.43664825,1.0,0.0,0.0,0.0,0.0,0.07257186,0.054434694,0.47089493,-0.06845629,0.87952924
O,0.92137307,0.27997535,0.23546152,0.21906205,0.44071037,1.0,0.0,0.0,0.0,0.0,0.08229695,0.045037556,0.51878923,-0.06298148,0.85257906
O,0.9169605,0.2671697,0.22864993,0.221252,0.434042,1.0,0.0,0.0,0.0,0.0,0.063861124,0.05492682,0.48426116,-0.071188696,0.87202257
O,0.91330117,0.27685753,0.23593241,0.22390032,0.4330593,1.0,0.0,0.0,0.0,0.0,0.060120273,0.04420811,0.5098623,-0.061647773,0.8580442
O,0.91613543,0.26407367,0.22856194,0.22269891,0.41643694,1.0,0.0,0.0,0.0,0.0,0.07064978,0.041962236,0.4995007,-0.06922627,0.86354315
O,0.9144372,0.2626143,0.2283142,0.22033168,0.4153913,1.0,0.0,0.0,0.0,0.0,0.064084865,0.034630273,0.49427766,-0.069093175,0.8665539
O,0.9164992,0.26451877,0.22584331,0.22297102,0.4000178,1.0,0.0,0.0,0.0,0.0,0.07267456,0.05867442,0.5056021,-0.060928646,0.86061275
O,0.9146101,0.28119132,0.23314679,0.23232256,0.40717492,1.0,0.0,0.0,0.0,0.0,0.0870303,0.036869213,0.5134287,-0.062221654,0.8558735
O,0.91606075,0.28548738,0.23345017,0.22719248,0.37424716,1.0,0.0,0.0,0.0,0.0,0.081943266,0.044062022,0.5352297,-0.05822634,0.8426974
O,0.92439014,0.29296625,0.24278423,0.2379047,0.37538067,1.0,0.0,0.0,0.0,0.0,0.11495455,0.037315886,0.5484643,-0.05980213,0.8340328
O,0.9167256,0.302185,0.24864036,0.24304721,0.37569147,1.0,0.0,0.0,0.0,0.0,0.10697949,0.031266198,0.5592647,-0.048163094,0.8275889
O,0.9227899,0.29202735,0.24125265,0.2408141,0.38583776,1.0,0.0,0.0,0.0,0.0,0.11469116,0.030617692,0.53762466,-0.060559426,0.8410067
O,0.9267813,0.29729235,0.24743396,0.24567711,0.3830652,1.0,0.0,0.0,0.0,0.0,0.093971714,0.03511108,0.5567537,-0.050658785,0.8291314
O,0.9205423,0.2776669,0.2332505,0.2348647,0.38085797,1.0,0.0,0.0,0.0,0.0,0.10114736,0.035892885,0.5353797,-0.061357465,0.8423798
O,0.9250357,0.31122306,0.25956178,0.25792167,0.38623622,1.0,0.0,0.0,0.0,0.0,0.103415646,0.046534233,0.5968196,-0.050906386,0.800759
O,0.923044,0.29465565,0.24680106,0.24813464,0.38820067,1.0,0.0,0.0,0.0,0.0,0.10780368,0.043155264,0.5524875,-0.057538893,0.83153284
O,0.9234958,0.31722078,0.25942534,0.25717187,0.39040107,1.0,0.0,0.0,0.0,0.0,0.09494328,0.046485927,0.5566937,-0.04839276,0.8293071
O,0.9247762,0.30082825,0.24646847,0.24397641,0.37003595,1.0,0.0,0.0,0.0,0.0,0.103372455,0.047199942,0.54364806,-0.052519538,0.8376685
O,0.9263656,0.30482522,0.25652117,0.25087807,0.38288462,1.0,0.0,0.0,0.0,0.0,0.10484027,0.059939433,0.55336267,-0.052808065,0.8312647
O,0.92621416,0.30397475,0.255961,0.24703424,0.3785406,1.0,0.0,0.0,0.0,0.0,0.091280006,0.054023873,0.5440065,-0.05204635,0.8374653
O,0.92379415,0.3084214,0.26060843,0.2489188,0.36455554,1.0,0.0,0.0,0.0,0.0,0.09212624,0.05448375,0.57441103,-0.047199108,0.81720513
O,0.9301632,0.34376135,0.2751986,0.2625272,0.37911126,1.0,0.0,0.0,0.0,0.0,0.09207659,0.056489848,0.59179336,-0.037593048,0.8052127
O,0.9289837,0.32745257,0.2687872,0.26533154,0.41749677,1.0,0.0,0.0,0.0,0.0,0.10676049,0.040223192,0.5828516,-0.03088469,0.8119915
O,0.9368672,0.33474955,0.26922968,0.26823542,0.42021137,1.0,0.0,0.0,0.0,0.0,0.10335438,0.045095652,0.58187467,-0.028418442,0.81278175
O,0.9332197,0.3519961,0.26834527,0.267319,0.45759854,1.0,0.0,0.0,0.0,0.0,0.09703442,0.04540188,0.5290427,-0.023287028,0.8482756
O,0.9385467,0.34105313,0.2668149,0.2662207,0.45681104,1.0,0.0,0.0,0.0,0.0,0.09952141,0.043219004,0.5475992,-0.018116547,0.8365447
O,0.93573326,0.345545,0.2748929,0.27319127,0.47253823,1.0,0.0,0.0,0.0,0.0,0.08334953,0.04106741,0.5218346,-0.01858043,0.8528443
O,0.9360392,0.35460544,0.2775571,0.27285832,0.48156524,1.0,0.0,0.0,0.0,0.0,0.083538055,0.040937316,0.5232262,-0.013482457,0.85208714
O,0.933541,0.34359223,0.26848704,0.2665422,0.46082926,1.0,0.0,0.0,0.0,0.0,0.08148833,0.037079792,0.51738125,-0.01077218,0.85568726
O,0.9366548,0.35237083,0.27180728,0.2643921,0.48367402,1.0,0.0,0.0,0.0,0.0,0.082124986,0.034795076,0.48698503,-0.009474491,0.873359
O,0.9329786,0.3422957,0.27248544,0.26195663,0.45563462,1.0,0.0,0.0,0.0,0.0,0.079931304,0.032171138,0.4965489,-0.01048005,0.8679455
O,0.93042547,0.35474724,0.27799672,0.26505858,0.4731232,1.0,0.0,0.0,0.0,0.0,0.078931645,0.03495261,0.48127776,-0.00979841,0.87651336
O,0.9400364,0.3623569,0.27854234,0.26050726,0.507239,1.0,0.0,0.0,0.0,0.0,0.07946016,0.032999,0.46959668,-0.010199705,0.88282216
O,0.93788886,0.37094355,0.28337654,0.2679709,0.51544195,1.0,0.0,0.0,0.0,0.0,0.079290286,0.035284553,0.46268395,-0.009198015,0.8864756
O,0.935938,0.34469455,0.27542755,0.26457527,0.5415096,1.0,0.0,0.0,0.0,0.0,0.08734597,0.030420193,0.45620978,-0.014667881,0.8897514
O,0.9282736,0.3466181,0.27664593,0.27855286,0.5455353,1.0,0.0,0.0,0.0,0.0,0.10338013,0.032042596,0.46292305,-0.01952791,0.8861833
O,0.9271687,0.34761903,0.2740441,0.27597937,0.52263004,1.0,0.0,0.0,0.0,0.0,0.09942847,0.03229289,0.46345946,-0.023792636,0.88579863
O,0.9245971,0.3182278,0.2623683,0.26567018,0.49231684,1.0,0.0,0.0,0.0,0.0,0.07977129,0.034938682,0.4634894,-0.03376485,0.8854589
O,0.9253701,0.30455852,0.24608602,0.25319758,0.4270856,1.0,0.0,0.0,0.0,0.0,0.08348469,0.031822894,0.4762084,-0.03811583,0.878506
O,0.9245327,0.29144818,0.24245214,0.23927988,0.40850145,1.0,0.0,0.0,0.0,0.0,0.10100223,0.035041966,0.51697445,-0.046885073,0.8547158
O,0.9101997,0.29592404,0.24762586,0.24299136,0.40164053,1.0,0.0,0.0,0.0,0.0,0.104612455,0.027710414,0.5467076,-0.039684244,0.8363826
O,0.9048476,0.29511926,0.24813858,0.23903106,0.38176665,1.0,0.0,0.0,0.0,0.0,0.11264491,0.025540093,0.5679435,-0.044995766,0.82183677
O,0.9042506,0.29570743,0.25072685,0.24456888,0.4462854,1.0,0.0,0.0,0.0,0.0,0.11483647,0.025063202,0.55012167,-0.050678045,0.8335454
O,0.8996092,0.29310265,0.24723658,0.23753819,0.40822855,1.0,0.0,0.0,0.0,0.0,0.1308476,0.024141166,0.56995094,-0.06026884,0.8194654
O,0.8909396,0.27828845,0.23646757,0.22733238,0.40086433,1.0,0.0,0.0,0.0,0.0,0.11766619,0.028277218,0.56444144,-0.0642294,0.82297045
O,0.8969084,0.27580535,0.23617092,0.21732105,0.40095153,1.0,0.0,0.0,0.0,0.0,0.12338001,0.024267718,0.5544671,-0.07414381,0.8288963
O,0.9015171,0.2643555,0.22801404,0.20686822,0.39984843,1.0,0.0,0.0,0.0,0.0,0.10004042,0.033939026,0.5034235,-0.07850359,0.8604662
O,0.89798164,0.25653556,0.21380618,0.19067787,0.38911295,1.0,0.0,0.0,0.0,0.0,0.09139891,0.043322057,0.47553775,-0.08916776,0.8751646
O,0.89228696,0.25775787,0.21354935,0.187425,0.37352103,1.0,0.0,0.0,0.0,0.0,0.084328696,0.04432351,0.48195645,-0.08992251,0.8715687
O,0.8968302,0.25461107,0.21345794,0.18731552,0.3566702,1.0,0.0,0.0,0.0,0.0,0.10296499,0.04148089,0.5090134,-0.09047867,0.85599005
O,0.8988677,0.254388,0.2137525,0.18982226,0.35605764,1.0,0.0,0.0,0.0,0.0,0.10980697,0.04211481,0.5034732,-0.09459783,0.8588167
O,0.88833475,0.25354567,0.21206437,0.18985352,0.3634037,1.0,0.0,0.0,0.0,0.0,0.09851619,0.044005603,0.49152032,-0.09490466,0.86567944
O,0.8881856,0.24767594,0.20564555,0.1851971,0.362806,1.0,0.0,0.0,0.0,0.0,0.10900572,0.045971505,0.4755894,-0.10107183,0.87384164
O,0.8857687,0.25019813,0.2102164,0.19049877,0.36304185,1.0,0.0,0.0,0.0,0.0,0.102525234,0.044324845,0.47351697,-0.10167184,0.8748968
O,0.88912827,0.24109074,0.20381223,0.18559913,0.37077287,1.0,0.0,0.0,0.0,0.0,0.11053565,0.04317935,0.46959898,-0.102385096,0.8769231
O,0.89536947,0.24056068,0.20258133,0.18259025,0.33772454,1.0,0.0,0.0,0.0,0.0,0.10852383,0.04101438,0.4830653,-0.10822687,0.86886984
O,0.8905315,0.24710263,0.20675007,0.19167185,0.36276934,1.0,0.0,0.0,0.0,0.0,0.1032547,0.04297983,0.4866548,-0.10358683,0.86743116
O,0.8968226,0.24919708,0.215101,0.19881563,0.35548046,1.0,0.0,0.0,0.0,0.0,0.09934523,0.035173617,0.5186133,-0.09654028,0.8495412
O,0.9073891,0.2468182,0.211007,0.19429994,0.36201167,1.0,0.0,0.0,0.0,0.0,0.113734625,0.030881712,0.51824224,-0.09266671,0.85019875
O,0.89381,0.26941082,0.23158668,0.22043693,0.36539695,1.0,0.0,0.0,0.0,0.0,0.11627396,0.025265,0.5946503,-0.083216496,0.79966617
O,0.91217536,0.27984115,0.245486,0.23565295,0.35799024,1.0,0.0,0.0,0.0,0.0,0.1400884,0.023437848,0.6672482,-0.08262717,0.74023825
O,0.9356332,0.2993844,0.26146516,0.25853994,0.40660217,1.0,0.0,0.0,0.0,0.0,0.15074165,0.0524311,0.71826494,-0.082067795,0.6909127
O,0.9548045,0.3166657,0.27855772,0.26121622,0.39300886,1.0,0.0,0.0,0.0,0.0,0.15664527,0.06326698,0.80403304,-0.09210995,0.58740664
O,0.96579945,0.3018239,0.27045813,0.2546502,0.3572538,1.0,0.0,0.0,0.0,0.0,0.12822902,0.086769,0.8760049,-0.11391464,0.46865666
O,0.9815728,0.31945357,0.27937347,0.2567452,0.35043135,1.0,0.0,0.0,0.0,0.0,0.094747655,0.090238295,0.87196547,-0.116613194,0.4754761
O,0.9898534,0.32459608,0.28903002,0.2701105,0.354755,1.0,0.0,0.0,0.0,0.0,0.12369846,0.08855701,0.9004101,-0.12287163,0.41732982
O,0.9899203,0.33172014,0.3004179,0.28021038,0.36183724,1.0,0.0,0.0,0.0,0.0,0.1174408,0.08670465,0.9206262,-0.11961233,0.3716721
O,0.9961518,0.3201428,0.29595366,0.28169903,0.3608207,1.0,0.0,0.0,0.0,0.0,0.14184909,0.08731539,0.92465854,-0.12275817,0.36046803
O,0.994302,0.32910818,0.30527133,0.29053187,0.3651478,1.0,0.0,0.0,0.0,0.0,0.15291518,0.0871879,0.9464932,-0.12125639,0.29907766
O,0.9979061,0.35081205,0.3271287,0.31632262,0.38558576,1.0,0.0,0.0,0.0,0.0,0.15012315,0.08686695,0.96630335,-0.11634984,0.22960949
O,0.9875954,0.36487335,0.34928244,0.33489645,0.40691474,1.0,0.0,0.0,0.0,0.0,0.15325832,0.07902196,0.98326725,-0.12332675,0.13407482
O,0.9817544,0.37027586,0.35565272,0.33288077,0.38961816,1.0,0.0,0.0,0.0,0.0,0.14616853,0.07691366,0.99101526,-0.12382421,0.05055941
O,0.96987426,0.38510665,0.37335774,0.3463234,0.39522597,1.0,0.0,0.0,0.0,0.0,0.16417852,0.0955913,0.99275166,-0.12013799,0.003319441
O,0.9639505,0.39348567,0.3688329,0.33634412,0.3951125,1.0,0.0,0.0,0.0,0.0,0.1450852,0.08450128,0.9911921,-0.116177015,-0.06356997
O,0.97205365,0.40262815,0.36862025,0.3342528,0.38828275,1.0,0.0,0.0,0.0,0.0,0.14120589,0.08152764,0.9891808,-0.12000941,-0.08437392
O,0.9620973,0.41791138,0.3830683,0.34721157,0.41029435,1.0,0.0,0.0,0.0,0.0,0.1299502,0.0886569,0.9894938,-0.11542676,-0.08705666
O,0.97038406,0.40225855,0.3671125,0.33434993,0.40540704,1.0,0.0,0.0,0.0,0.0,0.14809492,0.08618332,0.98374426,-0.10854832,-0.14305416
O,0.9739799,0.43515006,0.38346663,0.3661448,0.45210296,1.0,0.0,0.0,0.0,0.0,0.1770825,0.098318495,0.97781247,-0.09802324,-0.18513286
O,0.9791485,0.41552946,0.36876512,0.34942007,0.42423165,1.0,0.0,0.0,0.0,0.0,0.17179678,0.091349825,0.9686999,-0.08521573,-0.23314968
M,0.9206505,0.9152272,0.9383252,0.8993413,0.8996476,0.0,0.0,0.0,0.0,0.0,0.7081394,0.57406557,0.37784415,-0.9216873,0.08789987
M,0.7676507,0.76598436,0.70558226,0.6896997,0.75227636,0.0,0.0,0.0,0.0,0.0,0.22693183,0.21760632,0.57960176,-0.73150945,0.35910392
M,0.53929865,0.4939778,0.20482725,0.1448044,0.0637114,1.0,0.0,1.0,1.0,1.0,0.17969894,0.18855776,0.5137309,-0.61406285,0.5991722
M,0.6027829,0.4648768,0.19085918,0.13852055,0.07186815,0.0,0.0,1.0,1.0,1.0,0.18195593,0.17701346,0.5113251,-0.5948294,0.6202617
M,0.7143147,0.53758943,0.24082966,0.16791728,0.09637637,1.0,0.0,1.0,1.0,1.0,0.20327824,0.17638564,0.4165072,-0.5042489,0.75647527
M,0.6042058,0.5301711,0.25170562,0.17756902,0.10032034,1.0,0.0,1.0,1.0,1.0,0.16419734,0.18024778,0.36643574,-0.4176362,0.83144754
M,0.616798,0.54180896,0.29854396,0.21129906,0.13246155,1.0,0.0,1.0,1.0,1.0,0.15487044,0.17083652,0.3429216,-0.3752217,0.8611698
M,0.5455002,0.5599125,0.29992682,0.22383995,0.1312748,1.0,0.0,1.0,1.0,1.0,0.13342506,0.17704582,0.31096664,-0.36269048,0.8784961
M,0.6967194,0.5779188,0.27810234,0.21458784,0.12899384,1.0,0.0,1.0,1.0,1.0,0.16143423,0.18290415,0.28602204,-0.35056505,0.89179343
M,0.7113466,0.5889473,0.27502173,0.21281764,0.13879217,1.0,0.0,1.0,1.0,1.0,0.18161479,0.19975615,0.260921,-0.3410266,0.9031174
M,0.77820235,0.6168601,0.26677695,0.20783572,0.1386091,1.0,0.0,1.0,1.0,1.0,0.1906457,0.21829024,0.26441973,-0.33632034,0.9038644
M,0.8225701,0.61119723,0.28137115,0.21099545,0.11974922,1.0,0.0,1.0,1.0,1.0,0.19380729,0.21992385,0.27574968,-0.34040388,0.8989367
M,0.7336085,0.6084453,0.27281007,0.19628103,0.09913452,1.0,0.0,1.0,1.0,1.0,0.19177742,0.2248978,0.26946926,-0.3455489,0.89887834
M,0.5940542,0.6113549,0.2459754,0.18352526,0.08753175,1.0,0.0,1.0,1.0,1.0,0.205952,0.2302249,0.25925735,-0.33743882,0.9049424
M,0.5329351,0.6371241,0.25350228,0.18283926,0.07909698,1.0,0.0,1.0,1.0,1.0,0.22282736,0.22117248,0.21392082,-0.32288688,0.92194456
M,0.53370446,0.6117316,0.243473,0.15383859,0.050272588,1.0,0.0,1.0,1.0,1.0,0.18945576,0.23639652,0.20108551,-0.33650956,0.9199597
M,0.57103276,0.62274516,0.22761299,0.15702772,0.052501354,1.0,0.0,1.0,1.0,1.0,0.21271876,0.22862527,0.13726507,-0.291239,0.94675136
M,0.56371903,0.5778611,0.1951555,0.15529738,0.06243992,1.0,0.0,1.0,1.0,1.0,0.16201034,0.20980169,0.111104816,-0.2723957,0.9557491
M,0.53637445,0.6239081,0.1908858,0.12790158,0.059668645,1.0,0.0,1.0,1.0,1.0,0.18233426,0.22354482,0.066439494,-0.2659211,0.9617025
M,0.5679597,0.68329316,0.19680344,0.23198351,0.1734531,1.0,0.0,1.0,1.0,1.0,0.15199462,0.18557803,0.038658768,-0.25704214,0.9656266
M,0.6166487,0.69792247,0.16425417,0.25702575,0.30804217,1.0,0.0,1.0,1.0,1.0,0.16497257,0.18640366,0.026772136,-0.2790078,0.9599155
M,0.63953054,0.6784393,0.18777747,0.2934763,0.4113149,1.0,0.0,1.0,1.0,1.0,0.14619629,0.19269575,0.031539742,-0.30844185,0.95072025
M,0.6799168,0.66019255,0.14789636,0.19252622,0.1390338,1.0,0.0,1.0,1.0,1.0,0.13716193,0.20735908,0.044323754,-0.35482505,0.9338814
M,0.73643494,0.70237434,0.13725609,0.19249026,0.20127387,1.0,0.0,1.0,1.0,1.0,0.20872827,0.26121414,0.020119334,-0.37512377,0.9267563
M,0.743313,0.7440871,0.10836833,0.21782286,0.2545612,1.0,0.0,1.0,1.0,1.0,0.260499,0.27499238,-0.020186119,-0.36647287,0.93020976
M,0.7780348,0.8057346,0.92381334,0.3434559,0.50450146,1.0,0.0,0.0,1.0,0.0,0.25456917,0.23120795,-0.029082421,-0.3583321,0.9331411
M,0.77130395,0.78813565,0.53381777,0.33859405,0.64514077,1.0,0.0,1.0,1.0,0.0,0.24520431,0.21546021,-0.053719517,-0.37388688,0.92591727
M,0.7889292,0.93922573,0.9451869,0.7664785,0.7889073,1.0,0.0,0.0,0.0,0.0,0.29298982,0.19626333,-0.039331324,-0.37792766,0.92499936
M,0.79843,0.9413579,0.8289113,0.71460223,0.67537206,1.0,0.0,0.0,0.0,0.0,0.38177666,0.21729656,-0.01740838,-0.41703877,0.908722
M,0.839662,0.90705717,0.9717737,0.7887094,0.80831915,1.0,0.0,0.0,0.0,0.0,0.35183632,0.22152098,-0.10344317,-0.32626742,0.93960047
M,0.8485716,0.92981243,0.950793,0.764848,0.79641825,1.0,0.0,0.0,0.0,0.0,0.37630454,0.23045957,-0.13685232,-0.36096913,0.9224819
M,0.841871,0.9546265,0.87460107,0.74912095,0.71539986,1.0,0.0,0.0,0.0,0.0,0.44628042,0.23511957,-0.10763299,-0.39458513,0.91253364
M,0.87026626,0.9020479,0.93633014,0.735137,0.79876775,1.0,0.0,0.0,0.0,0.0,0.37148702,0.2251753,-0.1278785,-0.32974353,0.9353696
M,0.8757731,0.9367833,0.89727455,0.7145011,0.77579397,1.0,0.0,0.0,0.0,0.0,0.38877943,0.20694172,-0.12530957,-0.34615368,0.9297716
M,0.88722855,0.936022,0.82498175,0.7217979,0.73574483,1.0,0.0,0.0,0.0,0.0,0.46146452,0.21818848,-0.103622936,-0.4217984,0.90074885
M,0.8989532,0.85109574,0.92663354,0.58551043,0.7361976,1.0,0.0,0.0,0.0,0.0,0.40848327,0.23341331,-0.13750258,-0.30917272,0.94101286
M,0.89327353,0.9013101,0.8166208,0.7203524,0.708699,1.0,0.0,0.0,0.0,0.0,0.42544657,0.22020322,-0.10479296,-0.39422238,0.9130209
M,0.88193804,0.79239076,0.9099549,0.38921863,0.6059814,1.0,0.0,0.0,1.0,0.0,0.39258343,0.24027522,-0.10604276,-0.31313902,0.9437684
M,0.9042633,0.84529006,0.9577865,0.61403674,0.7334269,1.0,0.0,0.0,0.0,0.0,0.3741469,0.21480553,-0.07133919,-0.30571482,0.9494468
M,0.89451593,0.8315563,0.88116,0.45447075,0.6749854,1.0,0.0,0.0,0.0,0.0,0.35734397,0.18438001,-0.100127205,-0.2612945,0.9600519
M,0.8775565,0.8923723,0.8954975,0.4873625,0.66149986,1.0,0.0,0.0,0.0,0.0,0.35191453,0.18946059,-0.06874045,-0.24857233,0.9661711
M,0.8806639,0.9223635,0.91569734,0.5259561,0.70239043,1.0,0.0,0.0,0.0,0.0,0.33090457,0.19548786,-0.0655307,-0.24987353,0.96605843
M,0.8701936,0.8464098,0.9725545,0.53859144,0.72630674,1.0,0.0,0.0,0.0,0.0,0.39206448,0.18209742,-0.07268529,-0.24390416,0.96707165
M,0.86174303,0.8563767,0.9670214,0.59645504,0.6924516,1.0,0.0,0.0,0.0,0.0,0.3850879,0.18349387,-0.045764975,-0.21350884,0.9758686
M,0.8587729,0.8540131,0.9410103,0.59532267,0.7268625,1.0,0.0,0.0,0.0,0.0,0.3882161,0.18377878,-0.031289626,-0.20866205,0.9774871
M,0.8666664,0.86420023,0.9396973,0.6473337,0.7807346,1.0,0.0,0.0,0.0,0.0,0.38856938,0.17930391,-0.036813512,-0.20415178,0.9782468
M,0.8677315,0.88406134,0.948168,0.6479536,0.7682558,1.0,0.0,0.0,0.0,0.0,0.39331302,0.17756051,-0.01974426,-0.1961644,0.9803722
M,0.8556196,0.85998493,0.894561,0.63558203,0.79097795,1.0,0.0,0.0,0.0,0.0,0.40099466,0.18786794,-0.038606346,-0.19524224,0.9799949
M,0.8674208,0.89464426,0.9166589,0.6612337,0.79378825,1.0,0.0,0.0,0.0,0.0,0.3694247,0.1845013,-0.0077967523,-0.1881581,0.98210776
M,0.8638354,0.86281997,0.9033394,0.6346528,0.79966736,1.0,0.0,0.0,0.0,0.0,0.38416737,0.18753356,-0.05029314,-0.19967425,0.97857076
M,0.86738795,0.87267166,0.8867013,0.6364642,0.7848631,1.0,0.0,0.0,0.0,0.0,0.37678054,0.19034213,0.005258929,-0.18789604,0.9821749
M,0.8789483,0.8586404,0.9048286,0.6300578,0.7895121,1.0,0.0,0.0,0.0,0.0,0.38531747,0.18720105,-0.033289973,-0.19661917,0.97991467
M,0.8686448,0.8800324,0.9107677,0.6490052,0.7847722,1.0,0.0,0.0,0.0,0.0,0.39014125,0.18557058,0.0037818807,-0.19280367,0.9812301
M,0.875054,0.86816967,0.91023463,0.66126424,0.79373914,1.0,0.0,0.0,0.0,0.0,0.40704376,0.18246962,-0.023349795,-0.19312744,0.9808958
M,0.8750435,0.8547344,0.879561,0.68315935,0.8064087,1.0,0.0,0.0,0.0,0.0,0.4013197,0.186137,-0.015369112,-0.19224238,0.9812271
M,0.8629729,0.8546617,0.86155343,0.6982397,0.81490445,1.0,0.0,0.0,0.0,0.0,0.3825784,0.18767141,-0.031812795,-0.17733689,0.9836359
M,0.8614215,0.8563966,0.87350917,0.68952346,0.80870926,1.0,0.0,0.0,0.0,0.0,0.39257735,0.18512912,-0.018812187,-0.18072972,0.98335284
M,0.8670317,0.8607529,0.8724915,0.6937347,0.8101206,1.0,0.0,0.0,0.0,0.0,0.37780994,0.18355145,-0.007899205,-0.17511913,0.9845156
M,0.854785,0.8512433,0.87159944,0.6901582,0.80885226,1.0,0.0,0.0,0.0,0.0,0.369123,0.1805281,-0.0011873296,-0.18626682,0.98249847
M,0.8585252,0.8310562,0.8467781,0.6798658,0.7938933,1.0,0.0,0.0,0.0,0.0,0.35413998,0.18597576,-0.007915622,-0.20004502,0.97975475
M,0.8547886,0.81624955,0.88108355,0.6277955,0.78382814,1.0,0.0,0.0,0.0,0.0,0.36064753,0.17627357,-0.012396978,-0.21563633,0.9763951
M,0.8520562,0.81216776,0.8610424,0.5484466,0.753518,1.0,0.0,0.0,0.0,0.0,0.32070014,0.18495521,-0.0075686374,-0.23674108,0.9715433
M,0.8501304,0.8003772,0.7744952,0.39157903,0.6881412,1.0,0.0,0.0,1.0,0.0,0.29599857,0.18932405,-0.011323216,-0.26442507,0.9643398
M,0.8378872,0.81362724,0.81009537,0.39933303,0.6731942,1.0,0.0,0.0,1.0,0.0,0.28591055,0.18136197,-0.012405311,-0.26371232,0.9645215
M,0.81492585,0.8036323,0.3255336,0.33791894,0.55713713,1.0,0.0,1.0,1.0,0.0,0.30670118,0.19995183,-0.0031426344,-0.28479213,0.9585842
M,0.8031986,0.8294763,0.46378198,0.33632126,0.5973898,1.0,0.0,1.0,1.0,0.0,0.31707662,0.21938474,-0.014640726,-0.29872155,0.954228
M,0.77565366,0.8490962,0.09734621,0.29881522,0.5568583,1.0,0.0,1.0,1.0,0.0,0.36985195,0.26026973,-0.023124216,-0.32699746,0.9447422
M,0.7750054,0.86627376,0.5510962,0.31607485,0.6163862,1.0,0.0,0.0,1.0,0.0,0.29823658,0.22767295,-0.03724341,-0.34202725,0.93895173
M,0.72849154,0.8775695,0.53763366,0.31354344,0.6202129,1.0,0.0,0.0,1.0,0.0,0.3076527,0.22629681,-0.042052995,-0.34948015,0.9359995
M,0.6950529,0.8221583,0.12713113,0.27640966,0.6167917,1.0,0.0,1.0,1.0,0.0,0.27487692,0.2356191,-0.034887973,-0.34503347,0.9379418
M,0.6560658,0.8277724,0.23584692,0.29207873,0.65396327,1.0,0.0,1.0,1.0,0.0,0.27497742,0.24356608,-0.018461933,-0.35174754,0.9359129
M,0.63417214,0.78090817,0.12691434,0.20927769,0.47194818,1.0,0.0,1.0,1.0,0.0,0.25216457,0.2602951,-0.03167422,-0.38123986,0.92393345
M,0.6351162,0.7575573,0.17106685,0.22903916,0.6656683,1.0,0.0,1.0,1.0,0.0,0.2525524,0.26083747,-0.03686381,-0.35822064,0.9329089
M,0.61314654,0.7656672,0.24867667,0.22107783,0.5539726,1.0,0.0,1.0,1.0,0.0,0.26080665,0.25598553,-0.027064953,-0.35552278,0.93427557
M,0.5837988,0.7322429,0.2836447,0.27653694,0.71198404,1.0,0.0,1.0,1.0,0.0,0.19148836,0.21638215,-0.026930766,-0.34223393,0.9392288
M,0.5768861,0.73817897,0.20166607,0.23762701,0.61170393,1.0,0.0,1.0,1.0,0.0,0.21691087,0.2454195,-0.02498021,-0.3626504,0.93159044
M,0.5646569,0.68361866,0.1946525,0.20168866,0.5188214,1.0,0.0,1.0,1.0,0.0,0.15664242,0.22270662,-0.012797158,-0.3499407,0.9366844
M,0.54061985,0.7158086,0.1920751,0.24781351,0.53763884,1.0,0.0,1.0,1.0,0.0,0.14997077,0.19501516,0.011237929,-0.33576718,0.94187796
M,0.52005994,0.75102824,0.19031973,0.22354713,0.491761,1.0,0.0,1.0,1.0,0.0,0.1998771,0.23358965,0.016705107,-0.3581387,0.93351895
M,0.49990302,0.7399269,0.21086296,0.19710506,0.37353465,1.0,0.0,1.0,1.0,1.0,0.1934318,0.24813649,0.03239547,-0.36524367,0.93034816
M,0.517179,0.7720144,0.2362961,0.292528,0.65589327,1.0,0.0,1.0,1.0,0.0,0.16091032,0.17962968,0.033182133,-0.35489547,0.93431693
M,0.50401896,0.7731379,0.1389885,0.17625597,0.25676712,1.0,0.0,1.0,1.0,1.0,0.17930448,0.22677648,0.037695855,-0.38117164,0.9237355
M,0.4923426,0.75466555,0.15163288,0.18841417,0.43981907,1.0,0.0,1.0,1.0,1.0,0.17335624,0.2409088,0.02602885,-0.38820785,0.9212042
M,0.50982964,0.72586584,0.12532619,0.15524551,0.15310399,1.0,0.0,1.0,1.0,1.0,0.15035947,0.23237182,0.042283002,-0.37298903,0.9268718
M,0.5023929,0.6972199,0.14451617,0.164575,0.21547256,1.0,0.0,1.0,1.0,1.0,0.116588786,0.22149162,0.05093343,-0.3890028,0.91982746
M,0.50145465,0.6847426,0.14727907,0.1566192,0.15247704,1.0,0.0,1.0,1.0,1.0,0.15028363,0.2460982,0.05559992,-0.3932663,0.91774195
M,0.49768153,0.680562,0.16340804,0.17865495,0.16043435,1.0,0.0,1.0,1.0,1.0,0.13526888,0.23394547,0.050143674,-0.37870252,0.92415905
M,0.49500403,0.6948779,0.16738173,0.16838467,0.14390808,1.0,0.0,1.0,1.0,1.0,0.14019683,0.22885574,0.0507381,-0.35730082,0.9326103
M,0.49504712,0.67456836,0.15277396,0.16811109,0.1043736,1.0,0.0,1.0,1.0,1.0,0.14618817,0.24274342,0.058841035,-0.38752416,0.91997975
M,0.49781662,0.65277857,0.15273665,0.16658749,0.09953174,1.0,0.0,1.0,1.0,1.0,0.12396831,0.23038468,0.057827957,-0.36941203,0.9274646
M,0.49047363,0.71553797,0.16772221,0.17596672,0.104596056,1.0,0.0,1.0,1.0,1.0,0.14354593,0.23257296,0.058085233,-0.36053845,0.930934
M,0.5127963,0.66621345,0.19134015,0.18531236,0.12675463,1.0,0.0,1.0,1.0,1.0,0.15852048,0.23866408,0.06715756,-0.3583406,0.9311723
M,0.5365781,0.65013677,0.16288753,0.1766069,0.12235155,1.0,0.0,1.0,1.0,1.0,0.12755632,0.2156962,0.063155875,-0.3464656,0.93593425
M,0.53189355,0.6646259,0.1660866,0.18129547,0.11430994,1.0,0.0,1.0,1.0,1.0,0.15337786,0.23387967,0.06731958,-0.35337642,0.9330559
M,0.5380694,0.65771216,0.17005242,0.17813009,0.11954941,1.0,0.0,1.0,1.0,1.0,0.14970192,0.21613014,0.05941079,-0.3304658,0.94194627
M,0.52758956,0.64816725,0.16651593,0.19006667,0.13612203,1.0,0.0,1.0,1.0,1.0,0.15241428,0.21977484,0.05632228,-0.3303484,0.9421771
M,0.46142185,0.6525761,0.12845756,0.16816045,0.10991976,1.0,0.0,1.0,1.0,1.0,0.12341173,0.22792271,0.08567388,-0.34685558,0.9339974
M,0.5470869,0.6561295,0.17126703,0.20160522,0.1415285,1.0,0.0,1.0,1.0,1.0,0.15590046,0.21233821,0.05029199,-0.31347975,0.9482622
M,0.537966,0.7001708,0.18431011,0.20859157,0.186265,1.0,0.0,1.0,1.0,1.0,0.19339499,0.22044082,0.029693216,-0.30258176,0.9526608
M,0.57632613,0.7117631,0.2155908,0.23961075,0.2586718,1.0,0.0,1.0,1.0,1.0,0.21419853,0.22029223,0.03055391,-0.29291996,0.9556486
P,0.9628526,0.8626785,0.7926039,0.7993813,0.8352039,0.0,0.0,0.0,0.0,0.0,0.4953935,0.27938762,-0.18205623,-0.952714,0.24329323
P,0.97432745,0.9470633,0.8004378,0.83861077,0.83898216,0.0,0.0,0.0,0.0,0.0,1.3066194,1.44031,-0.011142529,-0.74903446,0.6624374
P,0.98033977,0.9569959,0.8143845,0.81445706,0.812235,0.0,0.0,0.0,0.0,0.0,1.2614672,1.483084,-0.012867698,-0.685853,0.72762644
P,0.99166894,0.9767319,0.80072445,0.8299223,0.8086948,0.0,0.0,0.0,0.0,0.0,1.321103,1.4492847,0.057399314,-0.5118096,0.85717916
P,0.9889222,0.9818168,0.79819584,0.8066535,0.7923359,0.0,0.0,0.0,0.0,0.0,1.273827,1.3973433,-0.0035445536,-0.50100404,0.8654377
P,0.988569,0.9836997,0.7637032,0.78279597,0.7661468,0.0,1.0,0.0,0.0,0.0,1.2531325,1.4155866,-0.026070721,-0.4980381,0.8667631
P,0.97822106,0.99262,0.73561203,0.77772534,0.7616121,0.0,1.0,0.0,0.0,0.0,1.3064245,1.4785432,-0.011949306,-0.49798742,0.8671019
P,0.98112255,0.9982381,0.721692,0.7528797,0.74273306,0.0,1.0,0.0,0.0,0.0,1.2938693,1.5026417,-0.084388986,-0.50124073,0.86118305
P,0.96505404,0.9897881,0.7229447,0.7610416,0.7467396,0.0,1.0,0.0,0.0,0.0,1.3130275,1.5039657,-0.088808775,-0.50587916,0.85802066
P,0.9680395,0.98460984,0.7205104,0.76243,0.75524473,0.0,1.0,0.0,0.0,0.0,1.308712,1.5076443,-0.1410869,-0.5294407,0.8365327
P,0.96915203,0.97528267,0.72154045,0.766581,0.7639689,0.0,1.0,0.0,0.0,0.0,1.309506,1.5094165,-0.1989448,-0.5710386,0.79645205
P,0.97612035,0.98246676,0.7198688,0.7643983,0.76025563,0.0,1.0,0.0,0.0,0.0,1.3243202,1.512756,-0.19973771,-0.5628019,0.80209655
P,0.97290325,0.98600715,0.7199854,0.762144,0.76366955,0.0,1.0,0.0,0.0,0.0,1.3354076,1.498294,-0.19577065,-0.55406386,0.80912733
P,0.9780078,0.98205155,0.7214059,0.7658933,0.76610684,0.0,1.0,0.0,0.0,0.0,1.3350384,1.4852998,-0.21793438,-0.54880804,0.80704045
P,0.9726565,0.9789799,0.71793383,0.77079284,0.7913548,0.0,1.0,0.0,0.0,0.0,1.3685327,1.530693,-0.16657537,-0.55449533,0.815345
P,0.9800078,0.98690593,0.72621757,0.77182335,0.78968155,0.0,1.0,0.0,0.0,0.0,1.3534073,1.5104239,-0.24376377,-0.5809328,0.7765928
P,0.9651779,0.98290646,0.7208415,0.7715737,0.8017885,0.0,1.0,0.0,0.0,0.0,1.3733081,1.5442854,-0.22934087,-0.586281,0.7769667
P,0.95803773,0.98228985,0.72185105,0.77152085,0.8052417,0.0,1.0,0.0,0.0,0.0,1.4055713,1.6001678,-0.2211194,-0.6039591,0.7657282
P,0.9594075,0.9772051,0.7238248,0.76759267,0.80517215,0.0,1.0,0.0,0.0,0.0,1.412858,1.6466926,-0.23619933,-0.60765445,0.7582651
P,0.9646671,0.98295856,0.72193193,0.7724202,0.78208816,0.0,1.0,0.0,0.0,0.0,1.3653766,1.5759217,-0.22800018,-0.5769932,0.78427976
P,0.9599438,0.98119634,0.7223528,0.77480364,0.81038404,0.0,1.0,0.0,0.0,0.0,1.4026395,1.6097354,-0.25217107,-0.6106013,0.7507169
P,0.9695017,0.9799719,0.71983004,0.7645137,0.7805146,0.0,1.0,0.0,0.0,0.0,1.3743641,1.5718489,-0.24089502,-0.5862349,0.77349746
P,0.9697446,0.97326833,0.7249094,0.76641196,0.7929897,0.0,1.0,0.0,0.0,0.0,1.3614762,1.5644302,-0.268665,-0.58975565,0.76158226
P,0.9692871,0.9716908,0.71966827,0.76759636,0.7921115,0.0,1.0,0.0,0.0,0.0,1.3669341,1.5679584,-0.27641016,-0.58911145,0.75930566
P,0.9709667,0.9653571,0.7282843,0.7746739,0.79236394,0.0,1.0,0.0,0.0,0.0,1.3726295,1.5666418,-0.2704225,-0.58320564,0.76599133
P,0.96723974,0.96229744,0.7330491,0.7711574,0.78527933,0.0,1.0,0.0,0.0,0.0,1.3622752,1.589242,-0.27066958,-0.59244645,0.7587787
P,0.96547705,0.9600288,0.7351188,0.7671176,0.78271955,0.0,1.0,0.0,0.0,0.0,1.3491553,1.5831285,-0.26566136,-0.5834117,0.76749915
P,0.9634362,0.95997506,0.7385627,0.77021855,0.7868957,0.0,1.0,0.0,0.0,0.0,1.3427396,1.5890596,-0.24829142,-0.5907728,0.76768416
P,0.96557266,0.96850485,0.7525097,0.78164786,0.80631393,0.0,1.0,0.0,0.0,0.0,1.3385195,1.591742,-0.27279052,-0.59529924,0.7557804
P,0.9590701,0.9661686,0.75152326,0.7804187,0.8093453,0.0,1.0,0.0,0.0,0.0,1.3528074,1.6136822,-0.25311577,-0.61302423,0.7484209
P,0.9657381,0.9602858,0.7586143,0.78194946,0.8096339,0.0,1.0,0.0,0.0,0.0,1.3548439,1.6371409,-0.24837632,-0.630345,0.73550963
P,0.96296763,0.9568526,0.75531083,0.78093123,0.79972345,0.0,1.0,0.0,0.0,0.0,1.3550605,1.6398447,-0.22310692,-0.622637,0.750031
P,0.96547246,0.95621216,0.7535708,0.77889526,0.8033033,0.0,1.0,0.0,0.0,0.0,1.3602836,1.6476791,-0.22882755,-0.6381918,0.73508435
P,0.9663617,0.9532633,0.75501984,0.78433216,0.8045224,0.0,1.0,0.0,0.0,0.0,1.3839165,1.6519295,-0.24369588,-0.63509315,0.7329864
P,0.97018635,0.9568184,0.74424654,0.7812348,0.80107373,0.0,1.0,0.0,0.0,0.0,1.3687092,1.6274998,-0.22721432,-0.59955186,0.76740545
P,0.9712751,0.95914835,0.75467765,0.78793323,0.8070745,0.0,1.0,0.0,0.0,0.0,1.3715657,1.6111265,-0.21205771,-0.6110006,0.762699
P,0.97146773,0.954547,0.7492559,0.7841538,0.79623324,0.0,1.0,0.0,0.0,0.0,1.3574746,1.6022124,-0.21365307,-0.58516043,0.7822657
P,0.9721988,0.9613871,0.7484721,0.778652,0.7958924,0.0,1.0,0.0,0.0,0.0,1.3548478,1.5980362,-0.20520908,-0.6058011,0.7686964
P,0.97089654,0.9607007,0.74724394,0.782305,0.7986336,0.0,1.0,0.0,0.0,0.0,1.3417293,1.5834792,-0.2329985,-0.60080826,0.7646836
P,0.9688013,0.96578306,0.7463986,0.7871924,0.8017723,0.0,1.0,0.0,0.0,0.0,1.3644065,1.6142555,-0.24250391,-0.6074949,0.7564006
P,0.96819925,0.9625168,0.7428457,0.78452045,0.800686,0.0,1.0,0.0,0.0,0.0,1.3607022,1.6311057,-0.2612709,-0.61428934,0.7445711
P,0.9698076,0.96899444,0.74284256,0.78524315,0.8119826,0.0,1.0,0.0,0.0,0.0,1.37518,1.6456407,-0.2577228,-0.6255936,0.73635024
P,0.9676948,0.9693811,0.74132687,0.7827048,0.81671584,0.0,1.0,0.0,0.0,0.0,1.3880442,1.6528507,-0.25860995,-0.61802393,0.74240637
P,0.9709604,0.9732394,0.73808914,0.780869,0.8148488,0.0,1.0,0.0,0.0,0.0,1.3842424,1.6708678,-0.26588303,-0.6312685,0.7285645
P,0.97250146,0.9734754,0.73686,0.78492635,0.82167804,0.0,1.0,0.0,0.0,0.0,1.3826431,1.6576087,-0.26370043,-0.624854,0.7348601
P,0.9710526,0.97161865,0.7347122,0.7871365,0.8165726,0.0,1.0,0.0,0.0,0.0,1.3613576,1.6318977,-0.2599645,-0.6178614,0.7420685
P,0.9654721,0.9692711,0.74134713,0.7911077,0.8198481,0.0,1.0,0.0,0.0,0.0,1.3585602,1.6527219,-0.25844795,-0.6172314,0.74312186
P,0.97014064,0.9700032,0.7455578,0.78817135,0.8130774,0.0,1.0,0.0,0.0,0.0,1.3711708,1.6537169,-0.26038542,-0.6061578,0.75151324
P,0.97072417,0.96133196,0.73164326,0.7796824,0.8021165,0.0,1.0,0.0,0.0,0.0,1.3420368,1.6306673,-0.24160105,-0.59464884,0.7668257
P,0.9794404,0.9620202,0.74684846,0.7882525,0.80086726,0.0,1.0,0.0,0.0,0.0,1.3419939,1.620689,-0.2648108,-0.5929533,0.7604482
P,0.9793626,0.96568763,0.7424059,0.78531116,0.7976675,0.0,1.0,0.0,0.0,0.0,1.3267987,1.6067302,-0.24980222,-0.59584,0.763265
P,0.98028237,0.9657498,0.74475896,0.7883052,0.78934073,0.0,1.0,0.0,0.0,0.0,1.3023189,1.5925531,-0.2321727,-0.5828708,0.77868956
P,0.98149824,0.95567155,0.7538851,0.7925439,0.7844649,0.0,1.0,0.0,0.0,0.0,1.2712274,1.5783592,-0.24919581,-0.580543,0.77515894
P,0.97852194,0.9638861,0.75322396,0.79342103,0.7901352,0.0,1.0,0.0,0.0,0.0,1.238726,1.5689374,-0.2711687,-0.59000194,0.76050335
P,0.9796104,0.96365905,0.755665,0.7973954,0.7910744,0.0,1.0,0.0,0.0,0.0,1.2250501,1.5613075,-0.2619347,-0.5778423,0.7729738
P,0.9781756,0.9628468,0.76048154,0.8002189,0.79623157,0.0,1.0,0.0,0.0,0.0,1.2345908,1.5716087,-0.26609173,-0.58892053,0.76313025
P,0.9774474,0.96419746,0.7572459,0.7996726,0.79018563,0.0,1.0,0.0,0.0,0.0,1.232395,1.5684733,-0.25959966,-0.57236004,0.7778252
P,0.97637105,0.9604615,0.7518612,0.7962758,0.7931731,0.0,1.0,0.0,0.0,0.0,1.2415575,1.5886812,-0.23559983,-0.57685286,0.78213394
P,0.98015434,0.9636974,0.7599367,0.7957384,0.78921735,0.0,1.0,0.0,0.0,0.0,1.2517701,1.601599,-0.22213635,-0.573184,0.788743
P,0.9768825,0.9577489,0.7607535,0.7991438,0.7896002,0.0,1.0,0.0,0.0,0.0,1.2595128,1.5896806,-0.2264362,-0.5707799,0.78926355
P,0.9785989,0.96604,0.76177007,0.8007874,0.7969416,0.0,1.0,0.0,0.0,0.0,1.2586113,1.5967928,-0.24718726,-0.5872189,0.77076095
P,0.9803078,0.96446794,0.76218617,0.80194265,0.79722923,0.0,1.0,0.0,0.0,0.0,1.235551,1.5828865,-0.24959575,-0.5845857,0.7719854
P,0.9805198,0.96046686,0.76384205,0.79954815,0.79818815,0.0,1.0,0.0,0.0,0.0,1.2256663,1.5823201,-0.2521779,-0.5835034,0.7719651
P,0.9805997,0.96482974,0.7634101,0.8019218,0.79937226,0.0,1.0,0.0,0.0,0.0,1.2075578,1.5624341,-0.25199938,-0.57597053,0.7776595
P,0.9756787,0.9600494,0.76464707,0.8053275,0.8042437,0.0,1.0,0.0,0.0,0.0,1.1928303,1.5614586,-0.2868487,-0.597847,0.7485298
P,0.9743532,0.9581955,0.7586801,0.79642206,0.7976997,0.0,1.0,0.0,0.0,0.0,1.199678,1.5791028,-0.29908472,-0.60877335,0.7348083
P,0.9737053,0.95821756,0.7606989,0.7994531,0.8043055,0.0,1.0,0.0,0.0,0.0,1.190233,1.5855922,-0.30574805,-0.62030625,0.72231466
P,0.9746412,0.9647425,0.75488704,0.79511696,0.79811144,0.0,1.0,0.0,0.0,0.0,1.1929448,1.5863315,-0.28803274,-0.6097955,0.73836744
P,0.9739659,0.96260387,0.7634166,0.7996025,0.8001436,0.0,1.0,0.0,0.0,0.0,1.2122369,1.6284373,-0.3063481,-0.62576866,0.7173315
P,0.9719683,0.9615186,0.7592648,0.7937603,0.79898745,0.0,1.0,0.0,0.0,0.0,1.2195091,1.6342177,-0.3018086,-0.62840366,0.71695215
P,0.9749863,0.96180886,0.75894535,0.7934288,0.7981686,0.0,1.0,0.0,0.0,0.0,1.2203143,1.6520171,-0.28848076,-0.6225616,0.7274585
P,0.97562677,0.96316355,0.7617732,0.79599386,0.7999636,0.0,1.0,0.0,0.0,0.0,1.2133541,1.6321985,-0.2925732,-0.62468445,0.72399604
P,0.9714352,0.9603813,0.76327264,0.79582494,0.80234915,0.0,1.0,0.0,0.0,0.0,1.2104446,1.6312892,-0.30054513,-0.6360071,0.7107514
P,0.9739527,0.9569234,0.761589,0.79423594,0.8003551,0.0,1.0,0.0,0.0,0.0,1.1996301,1.621315,-0.30005622,-0.6308155,0.7155683
P,0.9715939,0.9577205,0.7624995,0.7948818,0.8020078,0.0,1.0,0.0,0.0,0.0,1.188832,1.6089044,-0.30298373,-0.62744933,0.7172923
P,0.9699389,0.9547791,0.76411813,0.7958802,0.8013706,0.0,1.0,0.0,0.0,0.0,1.1797528,1.5943674,-0.30602434,-0.6235292,0.7194168
P,0.96638674,0.9563313,0.76395625,0.79720956,0.8033402,0.0,1.0,0.0,0.0,0.0,1.1859086,1.6032115,-0.31033483,-0.62633246,0.7151223
P,0.9705774,0.95451206,0.7622723,0.79515386,0.79796565,0.0,1.0,0.0,0.0,0.0,1.1879666,1.6019677,-0.31335938,-0.6252654,0.7147372
P,0.9733249,0.95362544,0.7625991,0.7936352,0.7956443,0.0,1.0,0.0,0.0,0.0,1.1971,1.6267538,-0.30971214,-0.63751787,0.7054426
P,0.97529393,0.95468855,0.76816213,0.79817146,0.7958992,0.0,1.0,0.0,0.0,0.0,1.1946867,1.6244699,-0.30529484,-0.6345114,0.71006364
P,0.9753537,0.9524639,0.77264947,0.80119926,0.79831296,0.0,1.0,0.0,0.0,0.0,1.1805409,1.613093,-0.30768183,-0.6281094,0.71471006
P,0.97088057,0.9541751,0.7707288,0.7992057,0.7993344,0.0,1.0,0.0,0.0,0.0,1.192486,1.6381514,-0.29946512,-0.638053,0.7093723
P,0.973492,0.95240456,0.76894695,0.8010414,0.802657,0.0,1.0,0.0,0.0,0.0,1.1699303,1.6094159,-0.30898836,-0.6269602,0.7151553
P,0.97057104,0.9507936,0.7621892,0.7969809,0.8014474,0.0,1.0,0.0,0.0,0.0,1.173907,1.5921675,-0.3179889,-0.64071393,0.6988338
P,0.9713947,0.9514867,0.761635,0.79641706,0.79990524,0.0,1.0,0.0,0.0,0.0,1.1647655,1.5740231,-0.31948662,-0.6354623,0.70293397
P,0.97350967,0.94920266,0.76031435,0.7944962,0.8004023,0.0,1.0,0.0,0.0,0.0,1.1729108,1.5981399,-0.31511042,-0.6347884,0.7055134
P,0.9747336,0.9522093,0.7609904,0.7981809,0.79849476,0.0,1.0,0.0,0.0,0.0,1.1643614,1.5721179,-0.30825529,-0.6240797,0.71798545
P,0.9718113,0.9566188,0.7603863,0.79711837,0.8056151,0.0,1.0,0.0,0.0,0.0,1.1826113,1.6046503,-0.30283743,-0.6300523,0.7150689
P,0.97546065,0.95359606,0.76967007,0.80466247,0.79840195,0.0,1.0,0.0,0.0,0.0,1.1715682,1.5864464,-0.2836252,-0.60803556,0.7415185
P,0.96715117,0.95795155,0.7617436,0.8045765,0.8080251,0.0,1.0,0.0,0.0,0.0,1.1675062,1.5699762,-0.29256377,-0.6283529,0.7208184
P,0.973725,0.9613047,0.76769686,0.8074748,0.8011174,0.0,1.0,0.0,0.0,0.0,1.1491895,1.5625696,-0.2858256,-0.6058198,0.7424865
P,0.972128,0.96299326,0.7655748,0.80441785,0.7948359,0.0,1.0,0.0,0.0,0.0,1.1464396,1.5519387,-0.29613587,-0.6222449,0.7246481
P,0.9715361,0.9543848,0.76618767,0.80390495,0.79994756,0.0,1.0,0.0,0.0,0.0,1.1544368,1.5608824,-0.28544363,-0.6184887,0.7321158
P,0.9717427,0.9546304,0.7627464,0.80294275,0.8012601,0.0,1.0,0.0,0.0,0.0,1.1601363,1.563431,-0.29059562,-0.624398,0.7250389
P,0.96970606,0.9569351,0.7611552,0.7985907,0.7999571,0.0,1.0,0.0,0.0,0.0,1.1664022,1.5739828,-0.30377483,-0.639089,0.70660174
P,0.96823865,0.952623,0.7625928,0.7968229,0.8012716,0.0,1.0,0.0,0.0,0.0,1.1690433,1.5874051,-0.30859149,-0.6514047,0.6931401
P,0.9708986,0.95783216,0.7614039,0.79385996,0.8006718,0.0,1.0,0.0,0.0,0.0,1.1933917,1.6380054,-0.30553192,-0.6624308,0.68398523
P,0.9761064,0.95657957,0.763364,0.79496145,0.80200875,0.0,1.0,0.0,0.0,0.0,1.1580181,1.6013529,-0.2849086,-0.628399,0.72383815
P,0.9689478,0.9514456,0.7606318,0.7925007,0.7974285,0.0,1.0,0.0,0.0,0.0,1.1755017,1.61595,-0.31285483,-0.6573061,0.6856169
P,0.9683178,0.9595345,0.76222223,0.8007553,0.8042323,0.0,1.0,0.0,0.0,0.0,1.152122,1.6085967,-0.3149607,-0.64229554,0.6987533
